Issue Type,Issue key,Issue id,Parent id,Summary,Assignee,Reporter,Priority,Status,Resolution,Created,Updated,Due Date
Task,ITRC-3432,304233,,Film Fest 2019,ddorobek,ddorobek,Low,Open,,04/Jun/19 11:54 AM,10/Jun/19 10:48 AM,26/Jul/19 12:00 AM
Sub-task,ITRC-3431,304225,285861,1st IL Recording - Edit,achapm26,apypstra,Medium,Closed,Done,04/Jun/19 11:42 AM,04/Jun/19 1:52 PM,
Task,ITRC-3430,303979,,Captivate Updates - Sohail Khan,jlau333,apypstra,Medium,Waiting For Reporter,,03/Jun/19 2:44 PM,10/Jun/19 10:23 AM,
Service Request,ITRC-3425,303084,,Christina Booker - Course Syllabus Design,,jsadle7,Medium,Open,,29/May/19 3:19 PM,30/May/19 11:35 AM,
Task,ITRC-3422,301906,,Post-Production: Edit and Finalize Interview,aquiquer,aquiquer,Medium,Closed,Done,23/May/19 11:53 AM,10/Jun/19 8:40 AM,07/Jun/19 12:00 AM
Task,ITRC-3420,301903,,Pre-Production: Watch Art of Video Interviews Lynda Tutorial,aquiquer,aquiquer,Medium,Closed,Done,23/May/19 11:51 AM,23/May/19 11:57 AM,30/May/19 12:00 AM
Task,ITRC-3419,301902,,Pre-Production: Camera Settings/Lighting Set-Up,aquiquer,aquiquer,Medium,Closed,Done,23/May/19 11:50 AM,23/May/19 11:56 AM,30/May/19 12:00 AM
Sub-task,ITRC-3417,301894,301902,Video Interview,aquiquer,aquiquer,Medium,Closed,Done,23/May/19 11:37 AM,10/Jun/19 8:39 AM,07/Jun/19 12:00 AM
Service Request,ITRC-3416,301871,,UME Style Guide Design,aaladl,apypstra,Medium,Investigating,,23/May/19 11:00 AM,07/Jun/19 11:58 AM,
Sub-task,ITRC-3413,301049,300733,Edit Spring Perspectives 2019,lvelezri,aaladl,Medium,Closed,Done,16/May/19 3:29 PM,10/Jun/19 9:44 AM,
Task,ITRC-3412,300884,,Update ITRC Website,zbaig4,zbaig4,Medium,Closed,Fixed,16/May/19 8:58 AM,16/May/19 3:26 PM,
Service Request,ITRC-3411,300761,,Owl Site Style Guide,aquiquer,aquiquer,Medium,Closed,Done,15/May/19 1:24 PM,04/Jun/19 1:42 PM,29/May/19 12:00 AM
Sub-task,ITRC-3410,300757,300421,Create Interactive Elements Using Storyline and H5P,aquiquer,aquiquer,Medium,Closed,Done,15/May/19 1:20 PM,30/May/19 8:27 AM,29/May/19 12:00 AM
Sub-task,ITRC-3407,300752,300421,Create Infographic,aquiquer,aquiquer,Medium,Closed,Done,15/May/19 1:14 PM,30/May/19 8:27 AM,29/May/19 12:00 AM
Task,ITRC-3406,300733,,Spring Perspectives VIDEO,,gguiccia,Medium,Closed,Done,15/May/19 12:08 PM,28/May/19 9:27 AM,
Sub-task,ITRC-3400,300423,300421,Create Video,aquiquer,aquiquer,Medium,Closed,Done,14/May/19 10:34 AM,30/May/19 8:27 AM,29/May/19 12:00 AM
Task,ITRC-3399,300421,,Owl Project - Noise,aquiquer,aquiquer,Medium,Closed,Done,14/May/19 10:32 AM,30/May/19 8:28 AM,29/May/19 12:00 AM
Task,ITRC-3380,299859,,owl project ,jzhou468,jzhou468,Low,Open,,10/May/19 10:44 AM,10/May/19 10:44 AM,24/May/19 12:00 AM
Task,ITRC-3379,299858,,OWL Project Site - Genre Defining Films,aissar2,aissar2,Medium,Investigating,,10/May/19 10:44 AM,10/May/19 10:52 AM,24/May/19 12:00 AM
Task,ITRC-3378,299857,,Owl project site - Driver's Ed,abaile59,abaile59,Medium,Closed,Done,10/May/19 10:43 AM,30/May/19 1:22 PM,24/May/19 12:00 AM
Task,ITRC-3377,299856,,OWL Project Site - Ableton Live 10,gguiccia,gguiccia,Minor,Closed,Fixed,10/May/19 10:43 AM,16/May/19 11:38 AM,24/May/19 12:00 AM
Task,ITRC-3376,299854,,OWL Project Site - Intro to MMA,lvelezri,lvelezri,Medium,Closed,Done,10/May/19 10:42 AM,07/Jun/19 8:53 AM,24/May/19 12:00 AM
Problem,ITRC-3372,299072,,Courtney Lightboard Filming,aaladl,aaladl,Medium,Closed,Fixed,07/May/19 10:02 AM,07/May/19 10:06 AM,
Problem,ITRC-3371,299065,,Nicole Campbell Lecture Series,,aaladl,Medium,Closed,Fixed,07/May/19 9:50 AM,07/May/19 10:06 AM,
Problem,ITRC-3370,299062,,John Nassichuk Ultracart and Lightboard Videos,aaladl,aaladl,Medium,Closed,Fixed,07/May/19 9:47 AM,07/May/19 10:06 AM,
Task,ITRC-3369,299061,,New Photos for ITRC Website,jroach7,jroach7,Medium,Closed,Fixed,07/May/19 9:45 AM,07/May/19 2:47 PM,
Problem,ITRC-3368,299057,,WALS Instructional Videos Filming ,aaladl,aaladl,Medium,Closed,Fixed,07/May/19 9:40 AM,07/May/19 10:06 AM,
Sub-task,ITRC-3366,298724,296530,Schedule Dr. Battista,,apypstra,Medium,Closed,Done,06/May/19 8:52 AM,03/Jun/19 11:42 AM,
Sub-task,ITRC-3360,297968,294358,Search for Stock Footage,ddorobek,apypstra,Medium,Open,,01/May/19 11:06 AM,08/May/19 11:15 AM,
Sub-task,ITRC-3352,296705,270453,Adding Terms/Glossary,jlau333,rsanchez,Medium,Open,,23/Apr/19 1:40 PM,14/May/19 11:42 AM,07/May/19 12:00 AM
Sub-task,ITRC-3351,296694,270453,Adding Captions,jlau333,rsanchez,High,Open,,23/Apr/19 1:27 PM,14/May/19 11:49 AM,14/Jun/19 12:00 AM
Service Request,ITRC-3347,296530,,J2B Lecture Recording,ddorobek,apypstra,Medium,Open,,22/Apr/19 3:17 PM,03/Jun/19 12:01 PM,
Task,ITRC-3344,296282,,Bandersnatch - Public Health Refugee Videos,zbaig4,zbaig4,Medium,Investigating,,18/Apr/19 12:04 PM,30/May/19 9:03 AM,31/Aug/19 12:00 AM
Task,ITRC-3342,296177,,Create banners for advertising the OWL faculty survey,zbaig4,sfoster9,High,Closed,Fixed,17/Apr/19 4:15 PM,22/Apr/19 12:53 PM,18/Apr/19 12:00 AM
Task,ITRC-3341,296071,,BIO 2290 - Bacterial Cloning Articulate Storyline Module,ddorobek,ddorobek,Medium,Closed,Fixed,17/Apr/19 11:45 AM,23/May/19 10:17 AM,17/May/19 12:00 AM
Task,ITRC-3338,294593,,Remove the ITRC 20 banner and ITRC 20th anniversary page from the ITRC public site,zbaig4,sfoster9,High,Closed,Fixed,08/Apr/19 12:48 PM,15/May/19 4:36 PM,
Sub-task,ITRC-3337,294359,294358,Convert PPT to Storyboard with Illustrations,dqian6,apypstra,Medium,Closed,Fixed,05/Apr/19 12:50 PM,16/Apr/19 8:58 AM,
Task,ITRC-3336,294358,,Psych 2070B - Course Trailer,,apypstra,Medium,Open,,05/Apr/19 12:49 PM,07/May/19 3:56 PM,
Task,ITRC-3335,292122,,ITRC Poster Design for Open Ed Student-Faculty Showcase,dqian6,dqian6,Medium,Closed,Done,25/Mar/19 1:32 PM,25/Mar/19 1:51 PM,25/Mar/19 12:00 AM
Sub-task,ITRC-3332,291275,278410,Conclusion: Project Poster,zbaig4,rsanchez,Medium,Closed,Fixed,20/Mar/19 10:26 AM,26/Mar/19 3:12 PM,26/Mar/19 12:00 AM
Task,ITRC-3328,290018,,Create posters and banners for advertising the upcoming OWL survey,zbaig4,sfoster9,Critical,Closed,Done,12/Mar/19 4:09 PM,17/Apr/19 4:17 PM,13/Mar/19 12:00 AM
Task,ITRC-3323,289353,,eCampus Poster Template,astew5,astew5,High,Closed,Done,07/Mar/19 4:06 PM,08/Mar/19 4:54 PM,
Task,ITRC-3321,287174,,Design Certificate PDF with Wallet Size Cutout,ifarrukh,rsanchez,Medium,Closed,Done,25/Feb/19 3:15 PM,17/May/19 3:12 PM,08/Mar/19 12:00 AM
Service Request,ITRC-3318,286827,,Recreate trial SCORM module for testing and sharing,fliu253,sfoster9,High,Closed,Done,22/Feb/19 3:41 PM,01/Mar/19 3:11 PM,
Service Request,ITRC-3317,285861,,Fabiana Crowley - Articulate Module Design Assistance,aaladl,apypstra,Medium,Open,,15/Feb/19 12:18 PM,04/Jun/19 11:41 AM,
Task,ITRC-3313,283437,,Eng Training HTML5 Module Conversions,,ccretu,Medium,Closed,Done,01/Feb/19 12:52 PM,05/Mar/19 12:43 PM,28/Feb/19 12:00 AM
Task,ITRC-3312,282669,,CEL Book Design Phase II (Senor Churro Bilingual),astew5,astew5,Medium,Closed,Fixed,29/Jan/19 2:54 PM,07/May/19 11:59 AM,
Task,ITRC-3309,281928,,Project Management/Work Flow Training Video,ifarrukh,ifarrukh,Medium,Investigating,,24/Jan/19 4:01 PM,24/Jan/19 4:02 PM,18/Apr/19 12:00 AM
Task,ITRC-3302,280580,,Internal Training Video - Editing Techniques,astew5,astew5,Medium,Closed,Done,17/Jan/19 3:50 PM,12/Apr/19 1:39 PM,
Sub-task,ITRC-3297,279971,279757,Test Ticket - Project Type,yalshara,rsanchez,Medium,Investigating,,15/Jan/19 4:29 PM,15/Jan/19 5:00 PM,31/Jan/19 12:00 AM
Sub-task,ITRC-3296,279965,279757,UI,,yalshara,Medium,Open,,15/Jan/19 4:16 PM,05/Feb/19 3:48 PM,
Sub-task,ITRC-3295,279964,279757,Build a CSV Parser,yalshara,yalshara,Medium,Open,,15/Jan/19 4:14 PM,15/Feb/19 9:22 AM,
Sub-task,ITRC-3294,279962,279757,Database Set-up,ddorobek,yalshara,Medium,Open,,15/Jan/19 4:12 PM,11/Feb/19 3:04 PM,12/Feb/19 12:00 AM
Sub-task,ITRC-3292,279937,279757,Mockups and Workflow Design,dqian6,yalshara,Medium,Open,,15/Jan/19 3:27 PM,15/Jan/19 3:27 PM,
Task,ITRC-3290,279757,,Project Database of Projects,yalshara,yalshara,Medium,Open,,15/Jan/19 12:38 PM,14/May/19 1:57 PM,26/Apr/19 12:00 AM
Service Request,ITRC-3285,279173,,Rebecca Timbeck - Queens Articulate Modules Prep,ifarrukh,jsadle7,Medium,Investigating,,11/Jan/19 3:43 PM,18/Apr/19 3:20 PM,
Service Request,ITRC-3280,278610,,Apereo Promotional Video,jroach7,jroach7,Medium,Closed,Done,09/Jan/19 3:46 PM,23/Apr/19 12:18 PM,
Task,ITRC-3276,278410,,Western Libraries Customer Service Videos,zbaig4,zbaig4,Medium,Closed,Fixed,09/Jan/19 10:46 AM,02/Apr/19 2:00 PM,
Service Request,ITRC-3272,277598,,Powtoon - Fabiana Crowley,ddorobek,apypstra,Medium,Closed,Won't Do,07/Jan/19 9:42 AM,15/Feb/19 12:14 PM,
Sub-task,ITRC-3262,273439,270453,Style Guide,jlau333,jlau333,Medium,Closed,Fixed,28/Nov/18 3:19 PM,11/Jan/19 10:17 AM,19/Dec/18 12:00 AM
Task,ITRC-3260,273334,,Rebecca Timbeck - Testing Articulate Modules,jlau333,jsadle7,Medium,Open,,28/Nov/18 11:03 AM,17/Apr/19 3:04 PM,
Task,ITRC-3253,270505,,Create some graphics for green screen video demo,dqian6,sfoster9,High,Closed,Done,09/Nov/18 4:25 PM,15/Nov/18 3:12 PM,
Task,ITRC-3252,270453,,PT 9600 - Module Updates & Improvements ,yalshara,rsanchez,Medium,Investigating,,09/Nov/18 1:27 PM,10/Jun/19 11:47 AM,26/Jul/19 12:00 AM
Service Request,ITRC-3251,270284,,Latest David Stanford video edits,hwang763,jsadle7,Medium,Closed,Fixed,08/Nov/18 2:07 PM,13/Nov/18 4:17 PM,
Task,ITRC-3248,269663,,APPLHSCI 9002/8 Voiceovers,astew5,rsanchez,Medium,Closed,Won't Do,05/Nov/18 2:15 PM,16/Jan/19 4:41 PM,
Service Request,ITRC-3245,269443,,David stanford video editing,hwang763,jsadle7,Medium,Closed,Fixed,02/Nov/18 12:17 PM,08/Nov/18 2:05 PM,
Service Request,ITRC-3239,267208,,David Stanford Illustrations,jlau333,jsadle7,Medium,Open,,17/Oct/18 3:19 PM,17/Oct/18 3:23 PM,
Service Request,ITRC-3237,266960,,Physics Pre-Lab Modules,apypstra,apypstra,Minor,Waiting For External,,16/Oct/18 1:54 PM,06/Jun/19 8:42 AM,17/Dec/18 12:00 AM
Task,ITRC-3236,266540,,David Stanford Filming - October 12,,jsadle7,Medium,Closed,Fixed,12/Oct/18 1:15 PM,07/May/19 10:06 AM,
Sub-task,ITRC-3235,265930,265928,Lightboard Video,jroach7,jroach7,Medium,Open,,09/Oct/18 11:57 AM,08/Nov/18 12:09 PM,
Task,ITRC-3234,265928,,ITRC Marketing Videos ,,jroach7,Medium,Open,,09/Oct/18 11:54 AM,09/Oct/18 11:54 AM,
Sub-task,ITRC-3229,264832,236023,Voiceover Edit,jroach7,apypstra,Medium,Closed,Done,28/Sep/18 11:41 AM,30/Oct/18 4:00 PM,
Service Request,ITRC-3225,263657,,Maker Space Education - Immaculate Namukasa,aheintz,apypstra,Medium,Waiting For External,,21/Sep/18 10:25 AM,20/Nov/18 10:56 AM,
Sub-task,ITRC-3224,263656,258617,Carole Orchard - Data Retention Ends,apypstra,apypstra,Medium,Roadmap,,21/Sep/18 10:22 AM,21/Sep/18 10:23 AM,04/Sep/19 12:00 AM
Task,ITRC-3187,259609,,CHEM 1302 - LaTeX Question Pool,fliu253,rsanchez,Medium,Closed,Done,04/Sep/18 9:48 AM,17/May/19 3:13 PM,07/Dec/18 12:00 AM
Task,ITRC-3178,258617,,Carole Orchard - Footage Edit,jlau333,apypstra,Medium,Closed,Fixed,27/Aug/18 2:01 PM,21/Sep/18 10:20 AM,
Service Request,ITRC-3175,258599,,Disabilities Studies Design,astew5,apypstra,Medium,Waiting For External,,27/Aug/18 1:23 PM,07/May/19 11:59 AM,
Task,ITRC-3161,254916,,Update BOPPPS Info Graphic,astew5,apypstra,Medium,Closed,Fixed,26/Jul/18 1:14 PM,21/Sep/18 10:29 AM,
Task,ITRC-3153,251425,,PM Short Course Development,ifarrukh,jwinkler,Medium,Closed,Fixed,29/Jun/18 11:32 AM,07/May/19 10:07 AM,
Sub-task,ITRC-3143,246610,191999,Edit & Export Case Exemplar Videos,ifarrukh,rsanchez,Medium,Open,,25/May/18 10:44 AM,25/May/18 10:44 AM,
Task,ITRC-3116,240956,,Time Tracker Video ,cgordo57,cgordo57,Medium,Closed,Done,16/Apr/18 11:25 AM,16/Jan/19 4:41 PM,
Task,ITRC-3112,240139,,SCORE Learning Community Edit,zbaig4,apypstra,Medium,Closed,Fixed,10/Apr/18 3:44 PM,03/Apr/19 12:14 PM,
Task,ITRC-3105,238798,,ITRC Project Poster Design,,apypstra,Medium,Open,,02/Apr/18 1:10 PM,19/Apr/18 3:55 PM,
Task,ITRC-3101,236119,,Julie Whitehead - GRDIPAHS,ccretu,jsadle7,Medium,Closed,Fixed,16/Mar/18 4:35 PM,27/Mar/19 2:46 PM,04/May/18 12:00 AM
Service Request,ITRC-3098,236023,,Taylor Lib 360 Tour,jroach7,apypstra,Medium,Closed,Fixed,16/Mar/18 1:34 PM,07/May/19 11:29 AM,
Task,ITRC-3091,234253,,David Williams - Life Sciences,,apypstra,Medium,Closed,Obsolete,07/Mar/18 8:53 AM,20/Nov/18 11:04 AM,
Sub-task,ITRC-3088,232969,191999,Edit & Export Case Study Videos,ifarrukh,rsanchez,Medium,Closed,Done,28/Feb/18 11:02 AM,17/May/19 3:15 PM,09/Mar/18 12:00 AM
Problem,ITRC-3077,229480,,Lloy Wylie - MPH Video for community partners,astew5,jsadle7,Medium,Closed,Duplicate,12/Feb/18 9:37 AM,05/Apr/18 9:44 AM,
Service Request,ITRC-3076,229339,,UME Chart Simulation App,ddorobek,apypstra,Medium,Waiting For External,,09/Feb/18 1:07 PM,08/Nov/18 10:45 AM,
Task,ITRC-3075,229335,,Lightboard Filming: Rob Corless,aheintz,astew5,Medium,Closed,Done,09/Feb/18 12:44 PM,18/Apr/18 9:44 PM,
Problem,ITRC-3074,229332,,SCORM problelm in OWL site,olo3,jwinkler,Medium,Open,,09/Feb/18 12:30 PM,09/Feb/18 12:48 PM,
Task,ITRC-3073,229222,,MPH Sessions,aaladl,jroach7,Medium,Closed,Fixed,08/Feb/18 4:03 PM,07/May/19 10:07 AM,
Problem,ITRC-3064,227720,,Emily Knight Filming - All,,olo3,Medium,Open,,31/Jan/18 2:46 PM,26/Oct/18 1:13 PM,
Task,ITRC-3063,227444,,Build a CSS sample for use in OWL,ccretu,jwinkler,Medium,Closed,Fixed,30/Jan/18 1:21 PM,29/Aug/18 9:24 AM,
Sub-task,ITRC-3062,227344,224162,New Module 6 - Welding,,rsanchez,Medium,Closed,Fixed,30/Jan/18 10:21 AM,03/Apr/19 10:47 AM,
Sub-task,ITRC-3061,227343,224162,New Module 5 - Advance Machine,,rsanchez,Medium,Closed,Fixed,30/Jan/18 10:21 AM,03/Apr/19 10:47 AM,
Sub-task,ITRC-3060,227341,224162,Update Module 4 - Stationary Power Tools,,rsanchez,Medium,Closed,Fixed,30/Jan/18 10:19 AM,03/Apr/19 10:48 AM,
Sub-task,ITRC-3059,227340,224162,Update Module 3 - Abrasive and Cutting,,rsanchez,Medium,Closed,Fixed,30/Jan/18 10:18 AM,03/Apr/19 10:48 AM,
Sub-task,ITRC-3058,227337,224162,Update Module 2 - Hazards,,rsanchez,Medium,Closed,Fixed,30/Jan/18 10:17 AM,03/Apr/19 10:48 AM,
Sub-task,ITRC-3057,227336,224162,Update Module 1 - General Safety,,rsanchez,Medium,Closed,Fixed,30/Jan/18 10:16 AM,03/Apr/19 10:48 AM,
Sub-task,ITRC-3056,227332,224162,Investigate how to update modules without losing user scores,olo3,rsanchez,Medium,Closed,Done,30/Jan/18 10:08 AM,05/Apr/18 10:38 AM,14/Feb/18 12:00 AM
Sub-task,ITRC-3052,225238,219682,OWL Help Documentation - Phase 3 - Reset Password (Gateway),rsanchez,rsanchez,Medium,Closed,Done,17/Jan/18 2:27 PM,07/Mar/18 10:51 AM,16/Mar/18 12:00 AM
Task,ITRC-3051,225040,,CEL Book Design Phase I (Senor Churro - Spanish),astew5,astew5,Medium,Closed,Done,16/Jan/18 3:08 PM,27/Mar/19 2:46 PM,
Task,ITRC-3049,224939,,Western Libraries - Puppet Green Screen Clips,ifarrukh,rsanchez,Medium,Closed,Done,16/Jan/18 9:17 AM,16/Jan/19 4:42 PM,
Task,ITRC-3046,224432,,Rise Project based on Kevin McGuireâ€™s ENGSCI 9510L 650 GS17,jroach7,jwinkler,Medium,Closed,Done,11/Jan/18 6:08 PM,29/Mar/18 4:10 PM,
Problem,ITRC-3043,224162,,Engineering Shop Training - Phase 2,olo3,olo3,Medium,Open,,10/Jan/18 2:54 PM,16/Jan/19 4:43 PM,
Sub-task,ITRC-3023,222135,221371,Research and Test Lightboard Animation Video,jroach7,rsanchez,Medium,Closed,Done,20/Dec/17 1:35 PM,16/May/18 11:44 AM,
Problem,ITRC-3022,222119,,AR Microscopy modules for Biology 1001/1002,dramji,jwinkler,Medium,Open,,20/Dec/17 12:01 PM,20/Dec/17 1:35 PM,
Task,ITRC-3015,221371,,OCCPTHER 9613 - Modules - Updates,ddorobek,rsanchez,Medium,Closed,Fixed,14/Dec/17 11:17 AM,16/Jan/19 4:45 PM,
Task,ITRC-3009,220867,,Living Well @ Western Filming,astew5,astew5,Medium,Closed,Done,11/Dec/17 11:01 AM,27/Mar/19 2:46 PM,
Sub-task,ITRC-3002,219802,219682,OWL Help Documentation - Phase 3 - FAQ - Student,,rsanchez,Medium,Roadmap,,01/Dec/17 2:51 PM,14/May/19 3:31 PM,11/May/18 12:00 AM
Sub-task,ITRC-3001,219801,219682,OWL Help Documentation - Phase 3 - FAQ - Instructor,,rsanchez,Medium,Roadmap,,01/Dec/17 2:50 PM,14/May/19 3:30 PM,11/May/18 12:00 AM
Sub-task,ITRC-2999,219718,219682,OWL Help Documentation - Phase 3 - Membership (Home),rsanchez,rsanchez,Medium,Closed,Done,01/Dec/17 10:37 AM,08/Mar/18 3:39 PM,16/Mar/18 12:00 AM
Sub-task,ITRC-2998,219717,219682,OWL Help Documentation - Phase 3 - Worksite Setup (Home),rsanchez,rsanchez,Medium,Closed,Done,01/Dec/17 10:37 AM,09/Mar/18 1:59 PM,16/Mar/18 12:00 AM
Sub-task,ITRC-2997,219716,219682,OWL Help Documentation - Phase 3 - Preferences (Home),rsanchez,rsanchez,Medium,Closed,Done,01/Dec/17 10:37 AM,07/Mar/18 10:51 AM,16/Mar/18 12:00 AM
Sub-task,ITRC-2996,219715,219682,OWL Help Documentation - Phase 3 - Account (Home),rsanchez,rsanchez,Medium,Closed,Done,01/Dec/17 10:37 AM,14/Feb/18 2:05 PM,16/Mar/18 12:00 AM
Sub-task,ITRC-2994,219713,219682,OWL Help Documentation - Phase 3 - Wiki,,rsanchez,Medium,Roadmap,,01/Dec/17 10:37 AM,14/May/19 3:30 PM,11/May/18 12:00 AM
Sub-task,ITRC-2993,219712,219682,OWL Help Documentation - Phase 3 - Web Content,,rsanchez,Medium,Roadmap,,01/Dec/17 10:37 AM,14/May/19 3:30 PM,11/May/18 12:00 AM
Sub-task,ITRC-2992,219711,219682,OWL Help Documentation - Phase 3 - VoiceThread,,rsanchez,Medium,Roadmap,,01/Dec/17 10:37 AM,14/May/19 3:31 PM,11/May/18 12:00 AM
Sub-task,ITRC-2991,219710,219682,OWL Help Documentation - Phase 3 - Tests & Quizzes,ccretu,rsanchez,Medium,Closed,Done,01/Dec/17 10:37 AM,14/May/18 9:50 AM,07/Mar/18 12:00 AM
Sub-task,ITRC-2990,219709,219682,OWL Help Documentation - Phase 3 - Syllabus,,rsanchez,Medium,Roadmap,,01/Dec/17 10:37 AM,14/May/19 3:30 PM,11/May/18 12:00 AM
Sub-task,ITRC-2989,219708,219682,OWL Help Documentation - Phase 3 - Statistics,ddorobek,rsanchez,Medium,Closed,Done,01/Dec/17 10:37 AM,14/May/18 9:20 AM,23/Mar/18 12:00 AM
Sub-task,ITRC-2988,219707,219682,OWL Help Documentation - Phase 3 - Site Info,dramji,rsanchez,Medium,Roadmap,,01/Dec/17 10:37 AM,14/May/19 3:31 PM,23/Mar/18 12:00 AM
Sub-task,ITRC-2987,219706,219682,OWL Help Documentation - Phase 3 - Sign Up,,rsanchez,Medium,Roadmap,,01/Dec/17 10:37 AM,14/May/19 3:31 PM,11/May/18 12:00 AM
Sub-task,ITRC-2986,219705,219682,OWL Help Documentation - Phase 3 - SCORM,ddorobek,rsanchez,High,Closed,Done,01/Dec/17 10:37 AM,14/May/18 9:40 AM,07/Mar/18 12:00 AM
Sub-task,ITRC-2985,219704,219682,OWL Help Documentation - Phase 3 - Rich-Text Editor,aaladl,rsanchez,Medium,Roadmap,,01/Dec/17 10:37 AM,14/May/19 3:30 PM,16/Mar/18 12:00 AM
Sub-task,ITRC-2984,219703,219682,OWL Help Documentation - Phase 3 - Resources,ifarrukh,rsanchez,Medium,Roadmap,,01/Dec/17 10:37 AM,17/May/19 3:23 PM,02/Mar/18 12:00 AM
Sub-task,ITRC-2983,219702,219682,OWL Help Documentation - Phase 3 - Research Guides,,rsanchez,Medium,Roadmap,,01/Dec/17 10:37 AM,14/May/19 3:30 PM,11/May/18 12:00 AM
Sub-task,ITRC-2982,219701,219682,OWL Help Documentation - Phase 3 - PostEm,,rsanchez,Medium,Roadmap,,01/Dec/17 10:37 AM,14/May/19 3:31 PM,11/May/18 12:00 AM
Sub-task,ITRC-2981,219700,219682,OWL Help Documentation - Phase 3 - Polls,,rsanchez,Medium,Roadmap,,01/Dec/17 10:37 AM,14/May/19 3:30 PM,11/May/18 12:00 AM
Sub-task,ITRC-2980,219699,219682,OWL Help Documentation - Phase 3 - Podcasts,,rsanchez,Medium,Roadmap,,01/Dec/17 10:37 AM,14/May/19 3:31 PM,11/May/18 12:00 AM
Sub-task,ITRC-2979,219698,219682,OWL Help Documentation - Phase 3 - Overview,,rsanchez,Medium,Roadmap,,01/Dec/17 10:37 AM,14/May/19 3:30 PM,11/May/18 12:00 AM
Sub-task,ITRC-2978,219697,219682,OWL Help Documentation - Phase 3 - News,,rsanchez,Medium,Roadmap,,01/Dec/17 10:37 AM,14/May/19 3:31 PM,11/May/18 12:00 AM
Sub-task,ITRC-2977,219696,219682,OWL Help Documentation - Phase 3 - Messages,,rsanchez,Medium,Roadmap,,01/Dec/17 10:37 AM,14/May/19 3:30 PM,11/May/18 12:00 AM
Sub-task,ITRC-2976,219695,219682,OWL Help Documentation - Phase 3 - Lessons,,rsanchez,Medium,Roadmap,,01/Dec/17 10:37 AM,14/May/19 3:33 PM,23/Mar/18 12:00 AM
Sub-task,ITRC-2975,219694,219682,OWL Help Documentation - Phase 3 - iClicker,,rsanchez,Medium,Roadmap,,01/Dec/17 10:37 AM,14/May/19 3:31 PM,11/May/18 12:00 AM
Sub-task,ITRC-2974,219693,219682,OWL Help Documentation - Phase 3 - Gradebook,astew5,rsanchez,Critical,Closed,Fixed,01/Dec/17 10:37 AM,07/May/19 10:06 AM,07/Mar/18 12:00 AM
Sub-task,ITRC-2973,219692,219682,OWL Help Documentation - Phase 3 - Forums,cgordo57,rsanchez,Medium,Roadmap,,01/Dec/17 10:37 AM,17/May/19 3:23 PM,23/Mar/18 12:00 AM
Sub-task,ITRC-2972,219691,219682,OWL Help Documentation - Phase 3 - EZProxy,,rsanchez,Medium,Roadmap,,01/Dec/17 10:37 AM,14/May/19 3:31 PM,11/May/18 12:00 AM
Sub-task,ITRC-2971,219690,219682,OWL Help Documentation - Phase 3 - Email Archive,,rsanchez,Medium,Roadmap,,01/Dec/17 10:37 AM,14/May/19 3:31 PM,11/May/18 12:00 AM
Sub-task,ITRC-2970,219689,219682,OWL Help Documentation - Phase 3 - Drop Box,,rsanchez,Medium,Roadmap,,01/Dec/17 10:37 AM,14/May/19 3:30 PM,11/May/18 12:00 AM
Sub-task,ITRC-2969,219688,219682,OWL Help Documentation - Phase 3 - Course Readings,,rsanchez,Medium,Roadmap,,01/Dec/17 10:37 AM,14/May/19 3:31 PM,11/May/18 12:00 AM
Sub-task,ITRC-2968,219687,219682,OWL Help Documentation - Phase 3 - Collaborate,,rsanchez,Medium,Roadmap,,01/Dec/17 10:37 AM,14/May/19 3:31 PM,11/May/18 12:00 AM
Sub-task,ITRC-2967,219686,219682,OWL Help Documentation - Phase 3 - Certification,aaladl,rsanchez,Medium,Closed,Done,01/Dec/17 10:37 AM,07/May/19 10:06 AM,23/Mar/18 12:00 AM
Sub-task,ITRC-2966,219685,219682,OWL Help Documentation - Phase 3 - Calendar,,rsanchez,Medium,Roadmap,,01/Dec/17 10:37 AM,14/May/19 3:31 PM,11/May/18 12:00 AM
Sub-task,ITRC-2965,219684,219682,OWL Help Documentation - Phase 3 - Assignments,jroach7,rsanchez,High,Closed,Done,01/Dec/17 10:37 AM,07/Mar/18 10:50 AM,02/Mar/18 12:00 AM
Sub-task,ITRC-2964,219683,219682,OWL Help Documentation - Phase 3 - Announcements,,rsanchez,Medium,Roadmap,,01/Dec/17 10:37 AM,14/May/19 3:30 PM,11/May/18 12:00 AM
Task,ITRC-2963,219682,,OWL Help Documentation - Phase 3 - Copywriting and Content Creation ,,rsanchez,High,Roadmap,,01/Dec/17 10:37 AM,14/May/19 3:30 PM,18/May/18 12:00 AM
Service Request,ITRC-2952,217723,,SANSAR Investigation,,dramji,Medium,Open,,16/Nov/17 1:51 PM,15/May/18 1:28 PM,
Task,ITRC-2947,216509,,Patient Engagement - OWL Site Design,cgordo57,rsanchez,Medium,Closed,Unsupported,08/Nov/17 9:51 AM,16/Jan/19 4:47 PM,15/Dec/17 12:00 AM
Sub-task,ITRC-2946,216461,214906,Final Edit,,apypstra,Medium,Roadmap,,07/Nov/17 3:40 PM,28/Sep/18 11:43 AM,
Sub-task,ITRC-2945,216460,214906,Export Rough Cut,apypstra,apypstra,Medium,Closed,Fixed,07/Nov/17 3:36 PM,13/Mar/18 10:04 AM,
Problem,ITRC-2944,216407,,Explore Rise Functionality + Module Development,olo3,olo3,Medium,Open,,07/Nov/17 12:30 PM,30/Oct/18 11:21 AM,
Problem,ITRC-2942,216042,,Small edits and credits to health sketches,ifarrukh,jsadle7,Medium,Closed,Done,03/Nov/17 1:51 PM,21/Nov/17 10:13 AM,
Task,ITRC-2939,214906,,David Reid Lecture Capture,,apypstra,Medium,Waiting For External,,26/Oct/17 10:55 AM,03/Apr/19 11:05 AM,
Sub-task,ITRC-2936,214479,191393,Revision - Chapter 3 - Review Questions: Precede-Proceed,ddorobek,rsanchez,Medium,Closed,Fixed,23/Oct/17 12:21 PM,30/Oct/17 9:40 AM,24/Oct/17 12:00 AM
Sub-task,ITRC-2892,209204,208732,OWL Help Documentation - Phase 2 - Membership (Home),rsanchez,rsanchez,Medium,Closed,Done,12/Sep/17 3:41 PM,12/Sep/17 5:21 PM,20/Dec/17 12:00 AM
Sub-task,ITRC-2891,209203,208732,OWL Help Documentation - Phase 2 - Worksite Setup (Home),rsanchez,rsanchez,Medium,Closed,Done,12/Sep/17 3:40 PM,13/Sep/17 4:02 PM,20/Dec/17 12:00 AM
Sub-task,ITRC-2888,209159,208732,OWL Help Documentation - Phase 2 - Preferences (Home),rsanchez,rsanchez,Medium,Closed,Done,12/Sep/17 2:16 PM,12/Sep/17 3:40 PM,20/Dec/17 12:00 AM
Sub-task,ITRC-2887,209157,208732,OWL Help Documentation - Phase 2 - Account (Home),rsanchez,rsanchez,Medium,Closed,Done,12/Sep/17 2:14 PM,12/Sep/17 3:35 PM,20/Dec/17 12:00 AM
Sub-task,ITRC-2883,208798,208732,OWL Help Documentation - Phase 2 - Gradebook,nmccain,rsanchez,Medium,Closed,Done,11/Sep/17 12:08 PM,17/Nov/17 3:00 PM,20/Dec/17 12:00 AM
Sub-task,ITRC-2882,208785,208732,OWL Help Documentation - Phase 2 - Wiki,cgordo57,rsanchez,Medium,Closed,Done,11/Sep/17 11:49 AM,14/Nov/17 12:34 PM,20/Dec/17 12:00 AM
Sub-task,ITRC-2881,208784,208732,OWL Help Documentation - Phase 2 - Web Content,aaladl,rsanchez,Medium,Closed,Done,11/Sep/17 11:49 AM,30/Oct/17 3:38 PM,20/Dec/17 12:00 AM
Sub-task,ITRC-2880,208783,208732,OWL Help Documentation - Phase 2 - VoiceThread,olo3,rsanchez,Medium,Closed,Done,11/Sep/17 11:49 AM,19/Oct/17 9:22 AM,20/Dec/17 12:00 AM
Sub-task,ITRC-2879,208780,208732,OWL Help Documentation - Phase 2 - Tests & Quizzes,ccretu,rsanchez,Medium,Closed,Done,11/Sep/17 11:48 AM,17/Nov/17 2:59 PM,20/Dec/17 12:00 AM
Sub-task,ITRC-2878,208779,208732,OWL Help Documentation - Phase 2 - Syllabus,olo3,rsanchez,Medium,Closed,Done,11/Sep/17 11:48 AM,17/Nov/17 3:21 PM,20/Dec/17 12:00 AM
Sub-task,ITRC-2877,208777,208732,OWL Help Documentation - Phase 2 - Statistics,cstew2,rsanchez,Medium,Closed,Done,11/Sep/17 11:48 AM,11/Dec/17 11:29 AM,20/Oct/17 12:00 AM
Sub-task,ITRC-2876,208776,208732,OWL Help Documentation - Phase 2 - Site Info,ddorobek,rsanchez,Medium,Closed,Done,11/Sep/17 11:47 AM,06/Oct/17 4:24 PM,20/Dec/17 12:00 AM
Sub-task,ITRC-2875,208775,208732,OWL Help Documentation - Phase 2 - Sign Up,cgordo57,rsanchez,Medium,Closed,Done,11/Sep/17 11:47 AM,22/Nov/17 9:31 AM,20/Dec/17 12:00 AM
Sub-task,ITRC-2874,208774,208732,OWL Help Documentation - Phase 2 - SCORM,cstew2,rsanchez,Medium,Closed,Done,11/Sep/17 11:46 AM,13/Feb/18 10:04 AM,20/Dec/17 12:00 AM
Sub-task,ITRC-2873,208773,208732,OWL Help Documentation - Phase 2 - Rich-Text Editor,aheintz,rsanchez,Medium,Closed,Done,11/Sep/17 11:46 AM,07/May/19 10:06 AM,20/Dec/17 12:00 AM
Sub-task,ITRC-2872,208771,208732,OWL Help Documentation - Phase 2 - Resources,ifarrukh,rsanchez,Medium,Closed,Done,11/Sep/17 11:46 AM,12/Dec/17 10:56 AM,20/Dec/17 12:00 AM
Sub-task,ITRC-2871,208768,208732,OWL Help Documentation - Phase 2 - Research Guides,olo3,rsanchez,Medium,Closed,Done,11/Sep/17 11:45 AM,31/Oct/17 10:05 AM,20/Dec/17 12:00 AM
Sub-task,ITRC-2870,208767,208732,OWL Help Documentation - Phase 2 - PostEm,aaladl,rsanchez,Medium,Closed,Fixed,11/Sep/17 11:44 AM,07/May/19 10:06 AM,20/Dec/17 12:00 AM
Sub-task,ITRC-2869,208766,208732,OWL Help Documentation - Phase 2 - Polls,astew5,rsanchez,Medium,Closed,Done,11/Sep/17 11:44 AM,30/Oct/17 3:09 PM,20/Dec/17 12:00 AM
Sub-task,ITRC-2868,208764,208732,OWL Help Documentation - Phase 2 - Podcasts,nmccain,rsanchez,Medium,Closed,Done,11/Sep/17 11:44 AM,06/Oct/17 2:30 PM,20/Dec/17 12:00 AM
Sub-task,ITRC-2867,208763,208732,OWL Help Documentation - Phase 2 - Overview,nmccain,rsanchez,Medium,Closed,Fixed,11/Sep/17 11:43 AM,07/May/19 10:06 AM,20/Dec/17 12:00 AM
Sub-task,ITRC-2866,208762,208732,OWL Help Documentation - Phase 2 - News,ddorobek,rsanchez,Medium,Closed,Fixed,11/Sep/17 11:43 AM,06/Oct/17 12:39 PM,20/Dec/17 12:00 AM
Sub-task,ITRC-2865,208761,208732,OWL Help Documentation - Phase 2 - Messages,ifarrukh,rsanchez,Medium,Closed,Done,11/Sep/17 11:43 AM,02/Nov/17 10:38 AM,20/Dec/17 12:00 AM
Sub-task,ITRC-2864,208760,208732,OWL Help Documentation - Phase 2 - Lessons,astew5,rsanchez,Medium,Closed,Done,11/Sep/17 11:42 AM,07/May/19 10:06 AM,20/Dec/17 12:00 AM
Sub-task,ITRC-2863,208759,208732,OWL Help Documentation - Phase 2 - iClicker,ddorobek,rsanchez,Medium,Closed,Fixed,11/Sep/17 11:42 AM,06/Oct/17 12:25 PM,20/Dec/17 12:00 AM
Sub-task,ITRC-2862,208758,208732,OWL Help Documentation - Phase 2 - Forums,dramji,rsanchez,Medium,Closed,Done,11/Sep/17 11:42 AM,01/Dec/17 10:01 AM,20/Dec/17 12:00 AM
Sub-task,ITRC-2861,208755,208732,OWL Help Documentation - Phase 2 - EZProxy,astew5,rsanchez,Medium,Closed,Done,11/Sep/17 11:41 AM,10/Oct/17 3:24 PM,20/Dec/17 12:00 AM
Sub-task,ITRC-2860,208754,208732,OWL Help Documentation - Phase 2 - Email Archive,ccretu,rsanchez,Medium,Closed,Fixed,11/Sep/17 11:40 AM,10/Nov/17 12:55 PM,20/Dec/17 12:00 AM
Sub-task,ITRC-2859,208753,208732,OWL Help Documentation - Phase 2 - Drop Box,ifarrukh,rsanchez,Medium,Closed,Done,11/Sep/17 11:40 AM,02/Nov/17 10:36 AM,20/Dec/17 12:00 AM
Sub-task,ITRC-2858,208752,208732,OWL Help Documentation - Phase 2 - Course Readings,cgordo57,rsanchez,Medium,Closed,Done,11/Sep/17 11:39 AM,14/Nov/17 11:25 AM,20/Dec/17 12:00 AM
Sub-task,ITRC-2857,208750,208732,OWL Help Documentation - Phase 2 - Collaborate,ccretu,rsanchez,Medium,Closed,Fixed,11/Sep/17 11:39 AM,10/Nov/17 12:55 PM,20/Dec/17 12:00 AM
Sub-task,ITRC-2856,208748,208732,OWL Help Documentation - Phase 2 - Certification,jroach7,rsanchez,Medium,Closed,Done,11/Sep/17 11:39 AM,06/Oct/17 11:08 AM,20/Dec/17 12:00 AM
Sub-task,ITRC-2855,208747,208732,OWL Help Documentation - Phase 2 - Calendar,aaladl,rsanchez,Medium,Closed,Done,11/Sep/17 11:38 AM,18/Oct/17 3:22 PM,20/Dec/17 12:00 AM
Sub-task,ITRC-2854,208746,208732,OWL Help Documentation - Phase 2 - Assignments,jroach7,rsanchez,Medium,Closed,Done,11/Sep/17 11:38 AM,06/Oct/17 12:13 PM,20/Dec/17 12:00 AM
Sub-task,ITRC-2853,208745,208732,OWL Help Documentation - Phase 2 - Announcements,dramji,rsanchez,Medium,Closed,Done,11/Sep/17 11:37 AM,06/Oct/17 3:28 PM,20/Dec/17 12:00 AM
Task,ITRC-2852,208732,,"OWL Help Documentation - Phase 2 - Categories, Styling, Screenshots",nmccain,rsanchez,Medium,Closed,Done,11/Sep/17 11:15 AM,13/Feb/18 10:56 AM,17/Nov/17 12:00 AM
Task,ITRC-2850,208664,,Leg Up eCampus Graphics,jroach7,jroach7,Medium,Closed,Done,11/Sep/17 9:48 AM,16/Jan/19 5:17 PM,
Problem,ITRC-2827,206848,,Sarah McLean filming for Med Sci,jsadle7,cstew2,Medium,Closed,Fixed,30/Aug/17 10:25 AM,05/Oct/17 10:13 AM,
Sub-task,ITRC-2826,206735,205798,Fall Perspectives 2017 - Edit,jroach7,apypstra,Medium,Closed,Done,29/Aug/17 2:26 PM,12/Oct/17 10:03 AM,
Service Request,ITRC-2817,205192,,Lightboard Filming: Rob Corless,jsadle7,astew5,Medium,Closed,Fixed,16/Aug/17 9:46 AM,16/Jul/18 4:25 PM,
Task,ITRC-2808,203821,,Create 30-second spots for outs11 features,dramji,sfoster9,High,Open,,02/Aug/17 1:01 PM,10/Oct/17 3:42 PM,
Task,ITRC-2802,203159,,Lightboard Filming - Christine Bell,,cgordo57,Medium,Open,,26/Jul/17 1:43 PM,07/May/19 10:06 AM,
Task,ITRC-2798,202280,,Transesophageal Ultrasound Filming,astew5,apypstra,Medium,Closed,Done,18/Jul/17 9:53 AM,27/Mar/19 2:46 PM,
Sub-task,ITRC-2797,202263,191999,Reflections- July 17th Shoot ,ifarrukh,ifarrukh,Medium,Closed,Reporter Timeout,18/Jul/17 9:01 AM,28/Feb/18 10:58 AM,
Sub-task,ITRC-2795,201938,200831,Lab Practices Video,jroach7,jroach7,Medium,Closed,Done,13/Jul/17 2:18 PM,13/Sep/17 4:06 PM,
Task,ITRC-2793,201639,,Ana Garcia Powtoon Project,ddorobek,ddorobek,Medium,Closed,Fixed,11/Jul/17 1:53 PM,03/Nov/17 2:25 PM,
Sub-task,ITRC-2790,201401,201039,Edit & Export WSCE 2017 Session 3A,cgordo57,rsanchez,Medium,Closed,Fixed,10/Jul/17 9:24 AM,11/Aug/17 4:04 PM,17/Jul/17 12:00 AM
Sub-task,ITRC-2789,201399,201039,Edit & Export WSCE 2017 Session 2B,cgordo57,rsanchez,Medium,Closed,Fixed,10/Jul/17 9:24 AM,11/Aug/17 2:49 PM,
Sub-task,ITRC-2788,201398,201039,Edit & Export WSCE 2017 Session 1B,jroach7,rsanchez,Medium,Closed,Done,10/Jul/17 9:22 AM,08/Aug/17 2:42 PM,17/Jul/17 12:00 AM
Sub-task,ITRC-2787,201396,201039,Edit & Export WSCE 2017 Session 1A,ifarrukh,rsanchez,Medium,Closed,Done,10/Jul/17 9:22 AM,11/Aug/17 2:46 PM,17/Jul/17 12:00 AM
Task,ITRC-2784,201039,,WCSE Filming 2017,ifarrukh,ifarrukh,Medium,Closed,Done,05/Jul/17 2:10 PM,10/May/19 9:36 AM,17/Jul/17 12:00 AM
Problem,ITRC-2782,201031,,Michele Barbeau - Lightboard Demo,aaladl,aaladl,Medium,Closed,Done,05/Jul/17 1:32 PM,07/May/19 10:06 AM,
Sub-task,ITRC-2781,200870,200831,Update Storyline Modules,astew5,astew5,Medium,Closed,Done,04/Jul/17 2:00 PM,13/Sep/17 4:03 PM,
Sub-task,ITRC-2780,200868,200831,Custom Lessons Page,astew5,astew5,Medium,Closed,Done,04/Jul/17 1:57 PM,27/Mar/19 3:12 PM,
Task,ITRC-2779,200831,,Med Sci 4900 Design and Modules,olo3,astew5,Medium,Closed,Done,04/Jul/17 11:57 AM,13/Sep/17 4:07 PM,
Sub-task,ITRC-2777,200508,193930,Banner Images 2.0,astew5,astew5,Medium,Closed,Done,29/Jun/17 10:17 AM,12/Sep/17 9:16 AM,
Sub-task,ITRC-2772,200061,184305,Residents as Teachers - Module 3,jroach7,jroach7,Medium,Closed,Done,26/Jun/17 2:57 PM,11/Sep/17 8:53 AM,
Service Request,ITRC-2771,199771,,BIOCHEM 2280 Storyline development module,,jwinkler,Medium,Closed,Done,22/Jun/17 1:48 PM,15/May/18 1:28 PM,
Task,ITRC-2762,197602,,LEG UP 2017,ifarrukh,ifarrukh,Medium,Closed,Done,02/Jun/17 1:56 PM,16/Jan/19 5:19 PM,21/Jun/17 12:00 AM
Sub-task,ITRC-2761,197535,197298,Fix Module 3 Matching Game,dcosman,dcosman,High,Investigating,,02/Jun/17 10:25 AM,26/Oct/18 1:13 PM,
Task,ITRC-2760,197298,,CEE 9510 Phase 2 Course Site Setup,arakic,arakic,Medium,Closed,Fixed,31/May/17 1:34 PM,25/Jul/17 3:57 PM,
Task,ITRC-2753,196508,,Lightboard Filming - Sarah McLean,,jsadle7,Medium,Closed,Fixed,24/May/17 2:31 PM,27/Jul/17 12:02 PM,
Sub-task,ITRC-2752,196453,184305,Residents as Teachers - Module 2,jroach7,jroach7,Medium,Closed,Done,24/May/17 11:53 AM,13/Jul/17 11:34 AM,
Sub-task,ITRC-2750,196436,193846,Bio Lessons Page Redesign,astew5,astew5,Medium,Closed,Done,24/May/17 10:25 AM,11/Sep/17 9:53 AM,
Sub-task,ITRC-2749,196435,193846,Bio Web Module,cstew2,astew5,Medium,Closed,Done,24/May/17 10:23 AM,13/Sep/17 11:59 AM,15/Jun/17 12:00 AM
Task,ITRC-2748,196378,,Jean's Lightboard Filming,astew5,jsadle7,Medium,Closed,Done,23/May/17 3:52 PM,01/Mar/18 8:54 AM,
Task,ITRC-2741,194853,,Create Splash Page for Solstice Meeting Rooms,arakic,rsanchez,Medium,Closed,Obsolete,08/May/17 4:22 PM,16/Jan/19 5:20 PM,29/May/17 12:00 AM
Sub-task,ITRC-2736,194824,192892,Family Feud,dcosman,jroach7,Medium,Closed,Done,08/May/17 2:43 PM,23/Jun/17 3:57 PM,
Sub-task,ITRC-2735,194823,192892,Wheel of Fortune,jroach7,jroach7,Medium,Closed,Fixed,08/May/17 2:43 PM,23/Jun/17 3:57 PM,
Sub-task,ITRC-2734,194720,191999,Pre-Summer Institute - May 11th Shoot,jroach7,rsanchez,Medium,Closed,Done,08/May/17 9:23 AM,07/May/19 12:08 PM,
Sub-task,ITRC-2733,194717,191999,Graduate Seminar - Final Pitch - April 3rd Shoot,cgordo57,rsanchez,Medium,Closed,Done,08/May/17 9:20 AM,15/May/17 2:20 PM,
Sub-task,ITRC-2732,194673,193930,Images for homepage support samples,,dcosman,Medium,Open,,05/May/17 3:49 PM,26/Oct/18 1:14 PM,
Sub-task,ITRC-2731,194441,193930,Update Spotlight page,,dcosman,Medium,Open,,04/May/17 12:17 PM,26/Oct/18 1:13 PM,
Sub-task,ITRC-2730,194435,193930,Photo Day 2017,astew5,dcosman,Medium,Closed,Done,04/May/17 11:57 AM,27/Jul/17 9:41 AM,
Task,ITRC-2725,194275,,Spring Perspectives Filming 2017,cgordo57,jroach7,Medium,Closed,Done,03/May/17 1:55 PM,10/Jan/18 2:34 PM,
Task,ITRC-2717,193846,,SCoRe Project - Biology (Tom Haffie and Winona Gadapati),cstew2,jsadle7,Medium,Closed,Done,01/May/17 1:33 PM,27/Mar/19 2:46 PM,15/Jun/17 12:00 AM
Sub-task,ITRC-2713,193083,192892,SCORM linking Scripts,dcosman,dcosman,Medium,Closed,Done,26/Apr/17 10:42 AM,06/Jul/17 3:25 PM,
Task,ITRC-2712,192892,,CEE 9510 (ENGSCI 9510L) Phase2 Development - Gaming,jroach7,jwinkler,Medium,Closed,Fixed,25/Apr/17 12:03 PM,10/Jan/18 2:34 PM,
Task,ITRC-2701,192205,,Lightboard Filming - Aji,olo3,jsadle7,Medium,Closed,Done,19/Apr/17 2:48 PM,01/May/17 10:36 AM,
Problem,ITRC-2700,192002,,ISWO Intro Vid April 18th,jroach7,cbernasc,Medium,Closed,Done,18/Apr/17 1:02 PM,16/Jan/19 5:21 PM,25/Apr/17 12:00 AM
Task,ITRC-2699,191999,,Global Minds Videos,ifarrukh,rsanchez,Medium,Closed,Reporter Timeout,18/Apr/17 12:52 PM,16/Jan/19 5:23 PM,30/Mar/18 12:00 AM
Task,ITRC-2694,191393,,HEALTHSCI 2250 - Health Promotion Course Redesign,ddorobek,rsanchez,Medium,Closed,Done,11/Apr/17 11:04 AM,16/Jan/19 5:23 PM,28/Jun/17 12:00 AM
Sub-task,ITRC-2691,190388,142026,LEG UP - Data Retention Ends ,apypstra,rsanchez,Medium,Closed,Fixed,03/Apr/17 10:11 AM,15/May/18 9:26 AM,09/Jun/17 12:00 AM
Sub-task,ITRC-2690,190008,186361,Design OWL Structure for Modules & Assignment,ifarrukh,rsanchez,Medium,Closed,Fixed,29/Mar/17 11:16 AM,27/Jun/17 3:42 PM,07/Apr/17 12:00 AM
Sub-task,ITRC-2683,186973,186361,Research the limitations of SCORM & Storyline in OWL,ddorobek,rsanchez,Medium,Closed,Obsolete,06/Mar/17 9:24 AM,29/Mar/17 11:18 AM,
Task,ITRC-2682,186965,,Dr. Creed Film Shoot,nmccain,apypstra,Medium,Closed,Done,06/Mar/17 9:09 AM,10/Jan/18 2:34 PM,
Task,ITRC-2680,186681,,IPHER Edit,apypstra,apypstra,Medium,Closed,Fixed,02/Mar/17 11:37 AM,10/Jan/18 2:34 PM,
Sub-task,ITRC-2676,186390,186361,Illustrations for Case Study #1,arakic,rsanchez,Medium,Closed,Done,28/Feb/17 1:12 PM,30/May/17 1:42 PM,
Sub-task,ITRC-2675,186389,186361,Develop Articulate Template Structure & Design,ddorobek,rsanchez,Medium,Closed,Fixed,28/Feb/17 1:10 PM,27/Jun/17 3:41 PM,07/Apr/17 12:00 AM
Sub-task,ITRC-2674,186387,186361,Record & Edit Voiceovers ,ddorobek,rsanchez,Medium,Closed,Done,28/Feb/17 1:07 PM,29/Mar/17 10:32 AM,10/Mar/17 12:00 AM
Task,ITRC-2673,186361,,OCCPTHER 9613 - Case Study Modules,ddorobek,rsanchez,Medium,Closed,Fixed,28/Feb/17 11:43 AM,16/Jan/19 5:24 PM,07/Jun/17 12:00 AM
Task,ITRC-2671,186340,,Shawn Hendrikx - Lightboard Filming,cbernasc,jsadle7,Medium,Open,,28/Feb/17 10:01 AM,17/Apr/17 2:03 PM,
Task,ITRC-2669,186177,,WISSLR 2017,astew5,astew5,Medium,Closed,Done,27/Feb/17 10:05 AM,27/Mar/19 2:46 PM,11/Mar/17 12:00 AM
Task,ITRC-2665,185042,,BIO 4920 Filming,astew5,apypstra,Medium,Closed,Done,15/Feb/17 9:35 AM,27/Mar/19 2:46 PM,
Task,ITRC-2664,185008,,Lloy Wylie - Filming for Course Vignettes,,jsadle7,Medium,Closed,Done,14/Feb/17 4:59 PM,10/Jan/18 2:34 PM,
Sub-task,ITRC-2661,184831,182917,OWL Site Mock-Up #3,arakic,astew5,Medium,Closed,Done,13/Feb/17 4:01 PM,15/May/17 10:44 AM,23/Feb/17 12:00 AM
Sub-task,ITRC-2660,184830,182917,OWL Site Mock-Up #2,ifarrukh,astew5,Medium,Closed,Unsupported,13/Feb/17 4:00 PM,09/Jun/17 9:47 AM,23/Feb/17 12:00 AM
Problem,ITRC-2653,184305,,Resident Modules for Joan Binnendyk,jroach7,jsadle7,Medium,Closed,Done,08/Feb/17 9:46 AM,30/Jan/18 9:31 AM,
Task,ITRC-2650,184026,,WLC1030 Promo Video,ifarrukh,apypstra,Medium,Closed,Fixed,06/Feb/17 9:52 AM,10/Jan/18 2:34 PM,
Sub-task,ITRC-2643,182922,182917,Storyline Module Template,astew5,astew5,Medium,Closed,Incomplete,27/Jan/17 10:05 AM,03/May/17 9:19 AM,02/Mar/17 12:00 AM
Sub-task,ITRC-2642,182920,182917,OWL Site Mock-Up #1,astew5,astew5,Medium,Closed,Obsolete,27/Jan/17 10:04 AM,11/May/17 7:01 PM,23/Feb/17 12:00 AM
Task,ITRC-2641,182917,,ICES Modules and OWL Redesign,arakic,astew5,Medium,Closed,Done,27/Jan/17 10:00 AM,16/Jan/19 5:27 PM,
Sub-task,ITRC-2628,181356,175497,Module Two,astew5,astew5,Medium,Closed,Incomplete,17/Jan/17 10:53 AM,05/Apr/18 1:20 PM,
Sub-task,ITRC-2627,181355,175497,Module One,astew5,astew5,Medium,Closed,Incomplete,17/Jan/17 10:52 AM,05/Apr/18 1:20 PM,
Sub-task,ITRC-2624,181144,171557,Solstice Promotional Poster,arakic,rsanchez,Medium,Closed,Fixed,16/Jan/17 11:47 AM,08/May/17 4:22 PM,26/Jan/17 12:00 AM
Task,ITRC-2620,180915,,Lightboard filming for Michael Iannozzi - Jan. 24,astew5,jsadle7,Medium,Closed,Fixed,13/Jan/17 11:03 AM,06/Mar/17 12:03 PM,
Sub-task,ITRC-2616,180254,175497,Articulate Storyline Template,astew5,astew5,Medium,Closed,Done,10/Jan/17 9:51 AM,12/Jan/17 9:52 AM,
Sub-task,ITRC-2615,180253,175497,OWL Lessons Page Framework,astew5,astew5,Medium,Closed,Done,10/Jan/17 9:49 AM,12/Jan/17 9:53 AM,
Sub-task,ITRC-2578,176097,171877,Test what can be done with json files on owl,cstew2,cstew2,Medium,Closed,Done,25/Nov/16 1:19 PM,21/Dec/16 9:37 AM,
Task,ITRC-2574,175799,,Animal Care Orientation,aheintz,apypstra,Medium,Roadmap,,23/Nov/16 9:03 AM,17/Apr/18 1:39 PM,
Task,ITRC-2573,175680,,Introduction Video for Lauren Anstey & Karyn Olsen ,rsanchez,rsanchez,Medium,Closed,Done,22/Nov/16 9:28 AM,16/Jan/19 5:28 PM,01/Dec/16 12:00 AM
Task,ITRC-2571,175497,,CSRU Resident Modules,astew5,jsadle7,Medium,Closed,Reporter Timeout,18/Nov/16 5:01 PM,07/May/19 11:59 AM,
Task,ITRC-2568,174987,,Seminar in Biology 4920 Video Editing,arakic,arakic,Medium,Investigating,,14/Nov/16 2:12 PM,26/Oct/18 1:13 PM,
Sub-task,ITRC-2566,174834,171877,Create UML Diagrams for game code,cstew2,cstew2,Medium,Closed,Incomplete,11/Nov/16 2:18 PM,30/Apr/18 9:54 AM,
Sub-task,ITRC-2564,174397,174384,Canon Mark II learning module,cbernasc,cbernasc,Medium,Open,,08/Nov/16 3:06 PM,26/Oct/18 1:13 PM,
Task,ITRC-2563,174384,,ITRC Learning Modules,cbernasc,cbernasc,Medium,Open,,08/Nov/16 2:16 PM,26/Oct/18 1:14 PM,
Sub-task,ITRC-2559,173929,156931,Take new Consultant Activity photos for ITRC Website,dcosman,dcosman,Medium,Closed,Fixed,04/Nov/16 9:02 AM,04/May/17 11:46 AM,
Task,ITRC-2557,173700,,Western 1010 - Information Security - Email Phishing,rsanchez,rsanchez,Medium,Closed,Done,02/Nov/16 2:13 PM,16/Jan/19 5:29 PM,22/Dec/16 12:00 AM
Task,ITRC-2552,173102,,Nursing Video Scene,cbernasc,cbernasc,Medium,Open,,27/Oct/16 3:25 PM,26/Oct/18 1:13 PM,
Task,ITRC-2544,172324,,French Studies Graduate Course,arakic,arakic,Medium,Closed,Done,20/Oct/16 12:43 PM,12/May/17 4:17 PM,
Sub-task,ITRC-2542,171892,171855,Create Technical Design Document,dcosman,dcosman,Medium,Closed,Incomplete,17/Oct/16 11:43 AM,11/Nov/16 10:29 AM,
Sub-task,ITRC-2541,171887,171855,Create Game Pitch,dcosman,dcosman,Medium,Closed,Done,17/Oct/16 11:22 AM,31/Oct/16 11:49 AM,
Sub-task,ITRC-2540,171880,171877,Write up game design technical proposal,cstew2,cstew2,Medium,Closed,Incomplete,17/Oct/16 10:57 AM,30/Apr/18 9:55 AM,
Task,ITRC-2539,171877,,ARM Emulation Gamification Project,cstew2,cstew2,Medium,Closed,Incomplete,17/Oct/16 10:52 AM,30/Apr/18 9:54 AM,
Task,ITRC-2536,171855,,David's Gamification Project,dcosman,dcosman,Medium,Closed,Done,17/Oct/16 10:03 AM,11/Nov/16 10:32 AM,21/Oct/16 12:00 AM
Sub-task,ITRC-2535,171842,171877,Write up game design proposal,cstew2,cstew2,Medium,Closed,Done,17/Oct/16 9:38 AM,04/Nov/16 1:16 PM,21/Oct/16 12:00 AM
Sub-task,ITRC-2532,171561,170775,Edit MOS 1023A Lecture,,astew5,Medium,Closed,Done,13/Oct/16 9:42 AM,17/Oct/16 3:53 PM,
Task,ITRC-2531,171557,,Solstice Overview Video,jroach7,rsanchez,Medium,Closed,Done,13/Oct/16 9:29 AM,16/Jan/19 5:29 PM,
Task,ITRC-2521,170775,,Filming Guest Lecture: MOS 1023A 001 FW16,astew5,astew5,Medium,Closed,Done,04/Oct/16 2:04 PM,27/Mar/19 2:46 PM,
Sub-task,ITRC-2520,170750,152687,SCORM Attempts Testing and Tracking,,rsanchez,Medium,Closed,Done,04/Oct/16 12:33 PM,22/Nov/16 9:29 AM,
Sub-task,ITRC-2519,170749,152687,Shop Training Troubleshoot User Guide ,olo3,rsanchez,Medium,Closed,Done,04/Oct/16 12:30 PM,14/Oct/16 8:57 AM,
Sub-task,ITRC-2514,170313,170306,Create Office Sway Presentation,dcosman,dcosman,Medium,Closed,Done,30/Sep/16 11:00 AM,31/Oct/16 10:03 AM,
Sub-task,ITRC-2513,170308,170306,Prepare a Powerpoint Presentation,dcosman,dcosman,Medium,Closed,Done,30/Sep/16 10:53 AM,31/Oct/16 10:01 AM,
Task,ITRC-2512,170306,,Greek Mythology OWL Project Site,dcosman,dcosman,Medium,Closed,Fixed,30/Sep/16 10:51 AM,31/Oct/16 11:49 AM,
Task,ITRC-2509,170119,,BlackBoard Collaborate Session: Music 2880R 001 FW16,astew5,astew5,Medium,Closed,Done,29/Sep/16 9:43 AM,27/Mar/19 2:46 PM,
Service Request,ITRC-2496,168940,,JAP 1036 & 2260 - CDs audio on owl + Site improvements,,olo3,Medium,Closed,Done,20/Sep/16 11:34 AM,15/May/18 1:28 PM,
Task,ITRC-2494,168856,,Gathering Western 1010 information,cbernasc,cbernasc,Medium,Closed,Done,20/Sep/16 8:57 AM,20/Sep/16 11:11 AM,
Task,ITRC-2456,165620,,Western 1010 - Update Code of Student Conduct Video ,ifarrukh,rsanchez,Medium,Closed,Done,01/Sep/16 11:14 AM,16/Jan/19 5:31 PM,
Task,ITRC-2449,165162,,Fall Perspectives 2016 - Dr. Airini Keynote,aheintz,rsanchez,Medium,Closed,Fixed,30/Aug/16 11:03 AM,16/Jan/19 5:32 PM,
Sub-task,ITRC-2448,165160,158748,Module 2_3 - Synonyms,nmccain,dcosman,Medium,Closed,Fixed,30/Aug/16 10:54 AM,21/Jun/17 11:46 AM,
Sub-task,ITRC-2447,165081,158748,Create Template - Articulate Storyline,dcosman,dcosman,Medium,Closed,Done,29/Aug/16 4:09 PM,29/Aug/16 4:31 PM,
Sub-task,ITRC-2446,165079,158748,Module 3 - Images,aheintz,cstew2,High,Open,,29/Aug/16 4:03 PM,26/Oct/18 1:13 PM,
Sub-task,ITRC-2445,165037,158748,Module 2_2 - Homonyms and Homophones,dcosman,dcosman,High,Investigating,,29/Aug/16 2:17 PM,26/Oct/18 1:13 PM,
Sub-task,ITRC-2443,165033,158748,Module 3_2 - Holonyms and Meronyms - Storyline,nmccain,cstew2,Medium,Closed,Fixed,29/Aug/16 2:15 PM,26/Jun/17 10:52 AM,
Sub-task,ITRC-2442,165025,158748,Module 3_1 - Hyperonyms and Hyponyms - Storyline,cstew2,cstew2,Medium,Investigating,,29/Aug/16 1:56 PM,26/Oct/18 1:14 PM,
Sub-task,ITRC-2440,164836,158748,Module 2_4 - Poly words,dcosman,dcosman,Medium,Roadmap,,26/Aug/16 4:13 PM,26/Oct/18 1:13 PM,
Sub-task,ITRC-2439,164818,164768,WSC Day 3,astew5,astew5,Medium,Closed,Done,26/Aug/16 2:54 PM,02/Sep/16 2:27 PM,
Sub-task,ITRC-2438,164817,164768,WSC Day 2,astew5,astew5,Medium,Closed,Fixed,26/Aug/16 2:53 PM,02/Sep/16 2:27 PM,
Sub-task,ITRC-2437,164816,164768,WSC Day 1,astew5,astew5,Medium,Closed,Done,26/Aug/16 2:53 PM,02/Sep/16 2:26 PM,
Sub-task,ITRC-2436,164814,158748,Module 2_1 - Words Activity - Storyline,dcosman,dcosman,High,Roadmap,,26/Aug/16 2:44 PM,26/Oct/18 1:13 PM,
Task,ITRC-2434,164768,,Western Science Conference 2015 - Video Editing,astew5,astew5,Medium,Closed,Fixed,26/Aug/16 11:57 AM,27/Mar/19 3:03 PM,
Task,ITRC-2431,164464,,Introduction Video for BIOCHEM 4450A,jroach7,jroach7,Medium,Closed,Fixed,24/Aug/16 3:28 PM,01/Sep/16 2:29 PM,
Sub-task,ITRC-2429,164377,158748,Module 2 - Images,aheintz,dcosman,High,Investigating,,24/Aug/16 11:35 AM,26/Oct/18 1:13 PM,
Task,ITRC-2424,163464,,ITRC Website: New Window for External Links,dcosman,rsanchez,Medium,Closed,Fixed,17/Aug/16 9:45 AM,04/May/17 11:49 AM,
Task,ITRC-2423,163398,,OWL Course Site Banner - Film Studies 3373,astew5,astew5,Medium,Closed,Fixed,16/Aug/16 2:15 PM,17/Aug/16 12:00 PM,
Task,ITRC-2421,162789,,Dentistry Filming,ifarrukh,cbernasc,Medium,Closed,Done,10/Aug/16 4:11 PM,10/Jan/18 2:34 PM,
Task,ITRC-2412,161734,,Duplicate and Re-Organize LEG UP Site,astew5,rsanchez,Medium,Closed,Obsolete,29/Jul/16 11:52 AM,20/Mar/18 3:56 PM,
Sub-task,ITRC-2383,160314,152687,Tutorial Video,cbernasc,cbernasc,Medium,Closed,Done,15/Jul/16 4:19 PM,31/Aug/16 1:46 PM,
Sub-task,ITRC-2378,160066,104891,Unit 7 - Guessed Speaker,jroach7,dcosman,Medium,Closed,Done,13/Jul/16 4:17 PM,13/Jul/16 4:21 PM,
Sub-task,ITRC-2375,159969,104889,Gather footage and exports to one location on the Force,cbernasc,apypstra,Medium,Closed,Fixed,13/Jul/16 10:29 AM,04/Oct/16 11:22 AM,
Service Request,ITRC-2373,159914,,Project Request,ifarrukh,ifarrukh,Medium,Closed,Fixed,12/Jul/16 3:37 PM,15/May/18 1:28 PM,
Sub-task,ITRC-2346,159094,104889,Audio Clips,cbernasc,apypstra,Medium,Closed,Fixed,05/Jul/16 10:35 AM,12/Jul/16 9:57 AM,
Task,ITRC-2345,159092,,ISW and FDW Site Update,astew5,astew5,Medium,Closed,Done,05/Jul/16 10:30 AM,03/Aug/16 4:12 PM,
Sub-task,ITRC-2339,158906,158903,Upload Lectures from HDD,apypstra,apypstra,Medium,Closed,Fixed,04/Jul/16 11:50 AM,12/Jul/16 10:16 AM,
Sub-task,ITRC-2338,158905,158903,Create YouTube Account,apypstra,apypstra,Medium,Closed,Fixed,04/Jul/16 11:50 AM,12/Jul/16 10:15 AM,
Problem,ITRC-2337,158903,,CEE 9510 Lecture Upload,apypstra,apypstra,High,Closed,Fixed,04/Jul/16 11:49 AM,12/Jul/16 10:27 AM,
Sub-task,ITRC-2333,158788,158748,Create Excel File for Vocabulary,apypstra,apypstra,Medium,Closed,Done,30/Jun/16 3:32 PM,13/Jul/16 10:23 AM,
Sub-task,ITRC-2332,158787,158748,Create OWL Site,apypstra,apypstra,Medium,Closed,Done,30/Jun/16 3:31 PM,04/Jul/16 11:53 AM,
Sub-task,ITRC-2329,158749,158748,Investigate Duplication of Objects in Articulate,dcosman,apypstra,Medium,Closed,Fixed,30/Jun/16 11:48 AM,08/May/17 4:23 PM,
Task,ITRC-2328,158748,,FR1999 - Module / Game Development,dcosman,apypstra,High,Closed,Obsolete,30/Jun/16 11:47 AM,19/Mar/19 2:00 PM,
Task,ITRC-2318,158362,,FDW Primer site - intro video,cbernasc,cbernasc,Medium,Open,,28/Jun/16 10:05 AM,26/Oct/18 1:13 PM,
Sub-task,ITRC-2314,158139,78596,OWL Tool - Polls,ifarrukh,dcosman,Low,Closed,Done,27/Jun/16 9:22 AM,29/Jun/16 3:57 PM,
Sub-task,ITRC-2313,158133,78596,OWL Tool - Certification,cbernasc,dcosman,Low,Open,,27/Jun/16 9:10 AM,26/Oct/18 1:13 PM,
Service Request,ITRC-2309,157643,,Inquiry for French Project,,arakic,Medium,Roadmap,,22/Jun/16 9:21 AM,26/Oct/18 1:13 PM,
Sub-task,ITRC-2305,157535,104889,Clips: Shackleton,cbernasc,apypstra,Medium,Closed,Fixed,21/Jun/16 1:09 PM,12/Jul/16 9:57 AM,
Sub-task,ITRC-2301,157249,104889,Clips: Mike K. Unit 8,cbernasc,apypstra,Medium,Closed,Fixed,20/Jun/16 11:48 AM,28/Jun/16 10:00 AM,
Sub-task,ITRC-2298,157173,104889,Clips: WindEEE,cbernasc,apypstra,Medium,Closed,Done,20/Jun/16 9:40 AM,21/Jul/16 11:36 AM,
Task,ITRC-2294,156931,,ITRC Website Update - CMS - Phase I,dcosman,dcosman,High,Closed,Superseded,16/Jun/16 1:35 PM,10/Jan/18 2:34 PM,
Sub-task,ITRC-2287,156557,154808,MedSci 4900 - Module Videos,astew5,astew5,Medium,Closed,Fixed,14/Jun/16 12:21 PM,03/Aug/16 3:30 PM,
Service Request,ITRC-2269,155853,,create new OWL site banners,,deanna,Medium,Closed,Done,08/Jun/16 9:40 AM,15/May/18 1:28 PM,
Sub-task,ITRC-2262,155569,78596,Update Icons on OWL Tools page table,dcosman,dcosman,Low,Closed,Done,07/Jun/16 9:58 AM,08/Jun/16 2:30 PM,
Sub-task,ITRC-2249,154907,104889,Shakelton Final Export,olo3,cstew2,Medium,Closed,Done,31/May/16 3:18 PM,02/Jun/16 8:47 AM,
Sub-task,ITRC-2248,154896,104889,WindEEE Final Expo,cstew2,cstew2,Medium,Closed,Done,31/May/16 3:05 PM,02/Jun/16 8:39 AM,
Sub-task,ITRC-2245,154852,104889,Phin Perquin Final Export,olo3,cstew2,Medium,Closed,Fixed,31/May/16 12:27 PM,31/May/16 3:24 PM,
Task,ITRC-2244,154808,,MedSci 4900 Modules,jroach7,jsadle7,Medium,Closed,Fixed,31/May/16 9:56 AM,27/Mar/19 2:46 PM,
Sub-task,ITRC-2238,154728,104889,Mike Katchabaw Final Export,cstew2,cstew2,Medium,Closed,Fixed,30/May/16 2:13 PM,31/May/16 12:38 PM,
Sub-task,ITRC-2234,154680,104891,"Attach Games to Official Site Lessons: Unit 1, 2, 3, 4, 5, 6",dcosman,dcosman,Medium,Closed,Done,30/May/16 10:35 AM,06/Jun/16 12:06 PM,
Task,ITRC-2233,154673,,"Record audio for the ""Tom"" parts of the online learner project Module 1",cstew2,jsadle7,Medium,Closed,Done,30/May/16 10:16 AM,06/Jun/16 8:43 AM,
Task,ITRC-2232,154672,,"Record audio for the ""Ellen"" parts of the online learner project Module 1",ifarrukh,jsadle7,Medium,Closed,Done,30/May/16 10:14 AM,06/Jun/16 9:14 AM,
Sub-task,ITRC-2231,154640,104889,Clips: SAE Team,cbernasc,apypstra,Medium,Closed,Fixed,30/May/16 8:59 AM,03/Jun/16 10:11 AM,
Sub-task,ITRC-2230,154638,104889,Edit: SAE Race Team (Additional),olo3,apypstra,Medium,Closed,Fixed,30/May/16 8:53 AM,30/May/16 2:32 PM,
Task,ITRC-2225,154431,,Stream and record ITS dept presentation using Collab Ultra,dcosman,jwinkler,Medium,Closed,Done,26/May/16 4:37 PM,07/Jun/16 8:18 AM,
Sub-task,ITRC-2195,153049,104889,Clips: Perquin,ifarrukh,apypstra,Medium,Closed,Done,16/May/16 1:26 PM,30/May/16 1:38 PM,
Sub-task,ITRC-2194,153048,104889,Clips: Greg Marshall,olo3,apypstra,Medium,Closed,Fixed,16/May/16 1:25 PM,19/May/16 10:31 AM,
Sub-task,ITRC-2193,153046,104889,Clips: Makaran,jroach7,apypstra,Medium,Closed,Fixed,16/May/16 1:23 PM,17/May/16 10:29 AM,
Sub-task,ITRC-2192,153043,104889,Clips: Dr. Kang,cstew2,apypstra,Medium,Closed,Done,16/May/16 1:20 PM,31/May/16 12:44 PM,
Sub-task,ITRC-2187,152925,142026,Adjust and create a CSS for the Home Page,rsanchez,rsanchez,Medium,Closed,Done,16/May/16 9:43 AM,18/May/16 8:28 AM,
Sub-task,ITRC-2186,152916,142026,Create Achievement Badges ,astew5,rsanchez,Medium,Closed,Done,16/May/16 9:28 AM,27/Mar/19 2:46 PM,23/May/16 12:00 AM
Task,ITRC-2185,152790,,"SCORM Investigation - Tracking User Progress, Marks, etc",dcosman,dcosman,High,Closed,Incomplete,13/May/16 2:02 PM,05/Jan/18 3:58 PM,
Sub-task,ITRC-2180,152707,152687,Module 4 - Stationary Power Tools,olo3,arakic,Medium,Closed,Done,13/May/16 10:34 AM,31/Aug/16 1:45 PM,
Sub-task,ITRC-2179,152704,152687,Module 3 - Basic Abrasive and Cutting Theory,arakic,arakic,Medium,Closed,Done,13/May/16 10:33 AM,31/Aug/16 1:45 PM,
Sub-task,ITRC-2178,152703,152687,Module 2 - Identifying Hazards,olo3,arakic,Medium,Closed,Done,13/May/16 10:31 AM,31/Aug/16 1:45 PM,
Sub-task,ITRC-2177,152702,152687,Module 1 - General Safety Protocols,arakic,arakic,Medium,Closed,Done,13/May/16 10:29 AM,31/Aug/16 1:45 PM,
Task,ITRC-2175,152687,,Engineering Shop Training Modules ,olo3,arakic,Medium,Closed,Done,13/May/16 9:57 AM,19/Jan/18 1:33 PM,
Task,ITRC-2174,152668,,Olivier's Project Site,olo3,olo3,Medium,Closed,Done,13/May/16 8:53 AM,02/Aug/16 3:25 PM,
Task,ITRC-2172,152661,,Jodie's Project Site,jroach7,jroach7,Medium,Closed,Fixed,13/May/16 8:39 AM,29/Jul/16 9:44 AM,
Sub-task,ITRC-2171,152621,104889,WindEEE Video (Additional),cbernasc,cbernasc,Medium,Closed,Done,12/May/16 4:37 PM,01/Jun/16 1:32 PM,
Sub-task,ITRC-2170,152619,104889,Edit: Greg Marshall (Additional),cbernasc,cbernasc,Medium,Closed,Done,12/May/16 4:34 PM,01/Jun/16 1:32 PM,
Sub-task,ITRC-2169,152618,104889,Edit: Dr. Scott Shakelton (Additional),cbernasc,cbernasc,Medium,Closed,Done,12/May/16 4:34 PM,02/Jun/16 8:49 AM,
Sub-task,ITRC-2168,152617,104889,Edit: Phin Perquin (Additional),cbernasc,cbernasc,Medium,Closed,Done,12/May/16 4:32 PM,01/Jun/16 1:31 PM,
Task,ITRC-2167,152615,,Irma's Owl Project Site,ifarrukh,ifarrukh,Medium,Closed,Done,12/May/16 4:30 PM,04/Aug/16 12:51 PM,
Sub-task,ITRC-2166,152614,104889,Edit: John Makaran (Rough),jroach7,cbernasc,Medium,Closed,Fixed,12/May/16 4:29 PM,30/May/16 3:00 PM,
Task,ITRC-2165,152608,,Chris's Course Site Project,cstew2,cstew2,Low,Closed,Fixed,12/May/16 4:22 PM,03/Aug/16 8:36 AM,
Sub-task,ITRC-2164,152607,104891,Unit 6 - The Truth comes with Time (Flash Cards): Articulate Storyline Gamification,dcosman,dcosman,Medium,Closed,Fixed,12/May/16 4:17 PM,03/Jun/16 4:21 PM,06/Jun/16 12:00 AM
Sub-task,ITRC-2163,152606,104891,Unit 5 - Project Managers Hand: Articulate Storyline Gamification,dcosman,dcosman,Medium,Closed,Fixed,12/May/16 4:16 PM,03/Jun/16 4:28 PM,06/Jun/16 12:00 AM
Sub-task,ITRC-2162,152605,104891,Unit 4 - Jeopardy!: Articulate Storyline Gamification,jroach7,dcosman,Medium,Closed,Done,12/May/16 4:16 PM,06/Jun/16 9:51 AM,06/Jun/16 12:00 AM
Sub-task,ITRC-2161,152603,104891,Unit 3 - Phase the Facts (Matching): Articulate Storyline Gamification,ifarrukh,dcosman,Medium,Closed,Fixed,12/May/16 4:16 PM,02/Jun/17 10:39 AM,06/Jun/16 12:00 AM
Sub-task,ITRC-2160,152602,104891,Unit 2 - Big Business: Articulate Storyline Gamification,jroach7,dcosman,Medium,Closed,Done,12/May/16 4:16 PM,03/Jun/16 4:21 PM,06/Jun/16 12:00 AM
Sub-task,ITRC-2151,152337,104891,Unit 1 - Hangman: Articulate Storyline Gamification,astew5,dcosman,Medium,Closed,Fixed,11/May/16 3:54 PM,06/Jun/16 9:52 AM,06/Jun/16 12:00 AM
Sub-task,ITRC-2142,152197,78596,OWL Tool- Tests & Quizzes,cstew2,dcosman,High,Closed,Superseded,11/May/16 9:00 AM,09/Jan/18 9:15 AM,
Service Request,ITRC-2132,151902,,create fillable PDF form for Technology Risk Assessment review,astew5,deanna,Medium,Closed,Fixed,09/May/16 11:40 AM,15/May/18 1:28 PM,
Sub-task,ITRC-2124,151830,104889,Edit: SAE Race Team (Rough),olo3,apypstra,High,Closed,Done,09/May/16 9:20 AM,26/May/16 12:39 PM,
Sub-task,ITRC-2123,151829,104889,Edit: Mike K. (Rough),cstew2,apypstra,High,Closed,Done,09/May/16 9:20 AM,26/May/16 12:16 PM,
Sub-task,ITRC-2121,151827,104889,Edit: Dr. Kang (Rough),apypstra,apypstra,High,Closed,Fixed,09/May/16 9:18 AM,30/May/16 2:34 PM,
Sub-task,ITRC-2096,151539,78596,OWL Tools- Site Info,dcosman,dcosman,Medium,Investigating,,05/May/16 9:46 AM,26/Oct/18 1:13 PM,
Sub-task,ITRC-2088,151461,104892,CEE 9510 - Create Design Package ,arakic,rsanchez,Medium,Closed,Fixed,04/May/16 2:42 PM,12/May/16 12:50 PM,13/May/16 12:00 AM
Task,ITRC-2081,151285,,Migrant Worker Workshop - Edit,ddorobek,apypstra,Medium,Closed,Fixed,04/May/16 10:33 AM,24/Aug/16 9:55 AM,
Service Request,ITRC-2073,151072,,Create banners for BSKTWEAVING 1001 training site,,deanna,Medium,Closed,Fixed,03/May/16 6:58 AM,15/May/18 1:28 PM,
Service Request,ITRC-2065,150953,,Update graphic for TwT,astew5,deanna,Medium,Closed,Fixed,02/May/16 11:36 AM,15/May/18 1:28 PM,
Sub-task,ITRC-2026,150265,104890,Create quiz questions from multiple answer questions,aheintz,deanna,Medium,Closed,Fixed,25/Apr/16 2:31 PM,04/Aug/16 10:27 AM,
Sub-task,ITRC-2003,150002,142026,Week 5 - New Module Social and Emotional Health,rsanchez,rsanchez,Medium,Closed,Done,21/Apr/16 11:14 AM,26/Apr/16 2:51 PM,
Sub-task,ITRC-2001,149998,142026,Ensure All Storyline Modules are SCORM Ready,rsanchez,rsanchez,Medium,Closed,Done,21/Apr/16 11:10 AM,06/May/16 8:58 AM,
Sub-task,ITRC-2000,149997,142026,Week 5 - Healthy Aging Articualte Module,rsanchez,rsanchez,Medium,Closed,Done,21/Apr/16 11:08 AM,26/Apr/16 3:44 PM,
Sub-task,ITRC-1997,149973,104889,Schedule B-Roll for Mike K. Shoot,apypstra,apypstra,Medium,Closed,Fixed,21/Apr/16 10:12 AM,17/Jul/17 9:17 AM,
Sub-task,ITRC-1996,149972,104889,Schedule B-Roll for Dr. Kang Shoot,apypstra,apypstra,Medium,Closed,Won't Fix,21/Apr/16 10:11 AM,17/Jul/17 9:17 AM,
Sub-task,ITRC-1965,149014,104890,Record Audio for Powerpoint slides,cbernasc,deanna,Medium,Open,,13/Apr/16 7:48 AM,25/Apr/16 9:18 AM,
Task,ITRC-1941,147762,,Collaborative Patient-centered Practice video,cbernasc,cbernasc,Medium,Open,,04/Apr/16 1:10 PM,26/Oct/18 1:13 PM,
Task,ITRC-1928,147227,,Convert images for web,fmirza8,sfoster9,High,Closed,Fixed,30/Mar/16 9:41 AM,31/Mar/16 5:09 PM,
Task,ITRC-1906,146169,,ITRC Door Hangers & Business Card Design,fmirza8,fmirza8,Medium,Investigating,,16/Mar/16 11:34 AM,26/Oct/18 1:13 PM,
Task,ITRC-1895,145470,,Video for Procurement Services,tkruljev,tkruljev,Medium,Closed,Done,09/Mar/16 10:49 AM,12/Apr/16 8:43 AM,
Sub-task,ITRC-1868,144144,78596,Collaborate UE documentation page,dcosman,dcosman,Medium,Investigating,,25/Feb/16 9:56 AM,26/Oct/18 1:13 PM,
Sub-task,ITRC-1852,143520,78596,OWL Tool- Lessons,arakic,dcosman,Medium,Closed,Fixed,19/Feb/16 10:33 AM,03/Aug/16 11:05 AM,
Sub-task,ITRC-1851,143516,78596,OWL Tool- Forums,ifarrukh,dcosman,Medium,Closed,Done,19/Feb/16 10:27 AM,17/Jun/16 3:55 PM,
Sub-task,ITRC-1850,143514,78596,OWL Tools - Assignments,dcosman,dcosman,Low,Closed,Duplicate,19/Feb/16 10:23 AM,11/May/16 4:00 PM,
Sub-task,ITRC-1849,143513,78596,OWL Tools- Announcements,arakic,dcosman,Medium,Closed,Duplicate,19/Feb/16 10:21 AM,11/May/16 8:50 AM,
Sub-task,ITRC-1848,143503,78596,Update Instructor Quick-Start Guide Page,dcosman,dcosman,Low,Roadmap,,19/Feb/16 9:56 AM,26/Oct/18 1:13 PM,
Sub-task,ITRC-1847,143501,78596,Instructor Page Update,aheintz,dcosman,Low,Closed,Fixed,19/Feb/16 9:52 AM,04/Aug/16 10:29 AM,
Sub-task,ITRC-1846,143500,78596,Update Screenshots in Student Information Page,fmirza8,dcosman,Low,Closed,Done,19/Feb/16 9:49 AM,05/May/16 1:19 PM,
Sub-task,ITRC-1844,143348,78596,Add documentation for MathJax and LaTeX,dcosman,dcosman,High,Investigating,,18/Feb/16 9:30 AM,26/Oct/18 1:13 PM,
Sub-task,ITRC-1839,143133,78596,Update General Information,dcosman,dcosman,Medium,Closed,Done,16/Feb/16 12:14 PM,11/May/16 3:55 PM,
Task,ITRC-1824,142729,,RPG Maker Pixel Art Asset,rsanchez,rsanchez,Medium,Closed,Done,10/Feb/16 2:48 PM,11/May/16 4:05 PM,
Sub-task,ITRC-1816,142669,142026,Create Badges/Achievements Template in Certificates,akruljev,rsanchez,Medium,Closed,Done,10/Feb/16 11:49 AM,27/Apr/16 3:30 PM,23/Feb/16 12:00 AM
Sub-task,ITRC-1815,142667,142026,Redesign CSS & Navigation on Leg Up,tkruljev,rsanchez,Medium,Closed,Done,10/Feb/16 11:46 AM,04/May/16 4:02 PM,23/Feb/16 12:00 AM
Task,ITRC-1814,142661,,Create a new banner image for eLearning Site for ISWO news article,tkruljev,sfoster9,Medium,Closed,Fixed,10/Feb/16 11:29 AM,25/Feb/16 11:14 AM,
Task,ITRC-1799,142033,,Create new banner image for eLearning Site for eLearning Toolkit link,tkruljev,sfoster9,Medium,Closed,Fixed,04/Feb/16 10:28 AM,10/Feb/16 11:29 AM,
Task,ITRC-1798,142031,,Create new banner image for eLearning Site for PressWestern link,tkruljev,sfoster9,Medium,Closed,Fixed,04/Feb/16 10:25 AM,08/Feb/16 2:40 PM,
Task,ITRC-1797,142026,,Leg Up 2.0 ,rsanchez,rsanchez,Medium,Closed,Done,04/Feb/16 10:07 AM,16/Jan/19 5:33 PM,27/May/16 12:00 AM
Task,ITRC-1765,140917,,Teaching with Technology Graphics Update,astew5,apypstra,Medium,Closed,Fixed,27/Jan/16 9:18 AM,08/Mar/16 2:00 PM,
Task,ITRC-1735,140049,,Why You Should Apply to the ITRC promo vid,cbernasc,cbernasc,Medium,Roadmap,,20/Jan/16 3:43 PM,26/Oct/18 1:13 PM,
Sub-task,ITRC-1729,140011,139795,Campus Map Illustration,astew5,astew5,Medium,Closed,Fixed,20/Jan/16 2:08 PM,27/Jun/16 9:14 AM,
Sub-task,ITRC-1728,140010,139795,Storyline Module Design Template,,astew5,Medium,Closed,Obsolete,20/Jan/16 2:06 PM,04/May/17 9:35 AM,
Task,ITRC-1725,139795,,Create design assets for the Online Learner Project,astew5,jsadle7,Medium,Closed,Done,19/Jan/16 3:55 PM,27/Mar/19 3:13 PM,
Task,ITRC-1707,139280,,Creating a Project Site for Schulich applicant Test,dcosman,dcosman,High,Closed,Done,15/Jan/16 1:30 PM,11/May/16 3:55 PM,
Sub-task,ITRC-1514,136395,106803,Create new PEP Certificates,akruljev,deanna,Medium,Closed,Fixed,16/Dec/15 11:17 AM,21/Dec/15 3:27 PM,
Task,ITRC-1476,135599,,Design help for 2 coursses,astew5,deanna,Medium,Closed,Reporter Timeout,09/Dec/15 11:36 AM,18/Jan/16 3:14 PM,
Task,ITRC-1462,135291,,Create banner for eLearning Survey,astew5,apypstra,Medium,Closed,Reporter Timeout,07/Dec/15 2:14 PM,28/Dec/15 10:34 AM,
Service Request,ITRC-1332,131232,,Transitional Justice Lectures,,cbernasc,Medium,Closed,Fixed,05/Nov/15 1:40 PM,15/May/18 1:28 PM,
Problem,ITRC-1286,129811,,Update banner images in Stats 1024A 650 FW15,astew5,deanna,Medium,Closed,Fixed,27/Oct/15 1:08 PM,29/Oct/15 3:03 PM,
Task,ITRC-1285,129804,,Remove Audio from Library Video and Re-Export,apypstra,apypstra,Medium,Closed,Fixed,27/Oct/15 11:44 AM,17/Nov/15 3:26 PM,
Sub-task,ITRC-1260,129204,127795,Taylor Library Virtual Tour,apypstra,deanna,Medium,Closed,Duplicate,22/Oct/15 9:02 AM,16/Oct/18 10:52 AM,
Task,ITRC-1245,128933,,Create a header image for our eLearn IT series,tkruljev,sfoster9,High,Closed,Fixed,20/Oct/15 12:13 PM,09/Feb/16 9:57 AM,
Task,ITRC-1199,127795,,Taylor Library Video Projects,,deanna,Medium,Roadmap,,09/Oct/15 1:49 PM,10/Jan/18 2:34 PM,
Problem,ITRC-1091,125788,,Create PDF from PNG infographic,astew5,deanna,Medium,Closed,Obsolete,25/Sep/15 10:56 AM,06/Feb/17 9:35 AM,
Task,ITRC-894,122207,,Introduction Video Walk-in,cbernasc,cbernasc,Medium,Closed,Done,09/Sep/15 3:28 PM,10/Sep/15 9:16 AM,
Sub-task,ITRC-776,119615,106803,Update OWL banners & design,,fmirza8,Medium,Open,,31/Aug/15 11:31 AM,26/Oct/18 1:13 PM,
Sub-task,ITRC-775,119613,106803,Create responsive HTML pages,fmirza8,fmirza8,Medium,Closed,Done,31/Aug/15 11:29 AM,28/Jan/16 9:50 AM,
Task,ITRC-765,119373,,Electrocardiogram Animation Project,cbernasc,jferenc,Medium,Open,,28/Aug/15 10:34 AM,26/Oct/18 1:13 PM,
Sub-task,ITRC-703,117089,108221,Create a proof-of-concept for audio recording in the browser,zalbiraw,sfoster9,Critical,Closed,Done,11/Aug/15 11:33 AM,28/Feb/18 10:03 AM,14/Aug/15 12:00 AM
Sub-task,ITRC-675,115884,108221,Design front page and credits page for application,cbernasc,deanna,Medium,Closed,Incomplete,29/Jul/15 2:37 PM,16/Sep/16 12:13 PM,
Sub-task,ITRC-671,115628,113338,Picasa Tutorial,cbernasc,cbernasc,Medium,Closed,Won't Fix,27/Jul/15 4:27 PM,04/Sep/15 2:00 PM,
Sub-task,ITRC-670,115627,113338,iMovie Tutorial,cbernasc,cbernasc,Medium,Closed,Fixed,27/Jul/15 4:26 PM,04/Sep/15 2:00 PM,
Sub-task,ITRC-669,115626,113338,How to Colour Correct (Davinci Resolve Lite),tpulchin,tpulchin,Medium,Closed,Fixed,27/Jul/15 4:19 PM,24/Aug/15 10:31 AM,
Sub-task,ITRC-660,115173,108221,Page desings development and integration,zalbiraw,zalbiraw,Medium,Investigating,,23/Jul/15 9:55 AM,23/Jul/15 9:59 AM,
Task,ITRC-656,114998,,Search Term Vines,,jsadle7,Medium,Closed,Fixed,21/Jul/15 3:13 PM,27/Mar/19 3:05 PM,
Task,ITRC-650,114620,,Collab setup for WI Horizons conference,,jwinkler,Medium,Closed,Done,17/Jul/15 1:49 PM,13/Aug/15 11:54 AM,
Sub-task,ITRC-645,114349,113338,Publishing your Content (Omeka),,apypstra,Medium,Closed,Fixed,16/Jul/15 8:51 AM,21/Jul/15 9:14 AM,
Sub-task,ITRC-644,114348,113338,Publishing your Content (Mahara),,apypstra,Medium,Closed,Fixed,16/Jul/15 8:51 AM,19/Aug/15 9:31 AM,
Sub-task,ITRC-643,114347,113338,How To Edit (Bringing it all together),,apypstra,Medium,Closed,Fixed,16/Jul/15 8:50 AM,19/Aug/15 9:32 AM,
Sub-task,ITRC-642,114346,113338,Audio Tutorial (Audacity?),jferenc,apypstra,Medium,Closed,Fixed,16/Jul/15 8:50 AM,04/Sep/15 2:00 PM,
Sub-task,ITRC-641,114345,113338,Premiere Tutorial,apypstra,apypstra,Medium,Closed,Fixed,16/Jul/15 8:50 AM,04/Sep/15 2:00 PM,
Sub-task,ITRC-640,114344,113338,Equipment Usage (Audio Recorders),,apypstra,Medium,Closed,Won't Fix,16/Jul/15 8:50 AM,27/Jul/15 10:45 AM,
Sub-task,ITRC-639,114343,113338,Equipment Usage (Cameras),,apypstra,Medium,Closed,Won't Fix,16/Jul/15 8:49 AM,27/Jul/15 10:45 AM,
Sub-task,ITRC-638,114342,113338,Plan/Shoot Interview Techniques (Audio),,apypstra,Medium,Closed,Fixed,16/Jul/15 8:49 AM,19/Aug/15 9:32 AM,
Sub-task,ITRC-637,114341,113338,Plan/Shoot Interview Techniques (Video),,apypstra,Medium,Closed,Fixed,16/Jul/15 8:49 AM,24/Aug/15 10:30 AM,
Sub-task,ITRC-630,113635,75857,Re-order modules,abeauli4,deanna,Medium,Closed,Fixed,13/Jul/15 9:45 AM,23/Jul/15 12:14 PM,
Task,ITRC-629,113524,,ITRC Postcard Revision,fmirza8,fmirza8,Medium,Closed,Done,10/Jul/15 3:00 PM,01/Oct/15 11:51 AM,
Sub-task,ITRC-627,113486,106803,PEP Stock Photos,jferenc,jferenc,Medium,Closed,Done,10/Jul/15 12:33 PM,19/Aug/15 11:01 AM,
Task,ITRC-625,113441,,Transfer VHS to MP4,abeauli4,abeauli4,Medium,Closed,Fixed,10/Jul/15 11:00 AM,23/Jul/15 12:11 PM,
Task,ITRC-621,113338,,Arts Tutorials Project,,apypstra,Medium,Closed,Fixed,09/Jul/15 1:52 PM,17/Jul/17 9:17 AM,
Sub-task,ITRC-576,112046,102117,Module 6: Understanding Scholarly Articles,sroach8,sroach8,Medium,Closed,Fixed,25/Jun/15 1:28 PM,14/Jan/16 3:22 PM,
Sub-task,ITRC-575,112044,102117,Module 4: Day in the Life Icons,astew5,sroach8,Medium,Closed,Fixed,25/Jun/15 1:27 PM,14/Jan/16 3:22 PM,
Sub-task,ITRC-574,112042,102117,Module 3: Degree Types,sroach8,sroach8,Medium,Closed,Fixed,25/Jun/15 1:26 PM,14/Jan/16 3:22 PM,
Sub-task,ITRC-548,111277,108221,New site mock-ups,zalbiraw,zalbiraw,Medium,Closed,Done,17/Jun/15 3:28 PM,14/Jan/16 3:22 PM,
Sub-task,ITRC-544,111196,108221,HTML 5 Audio Recording Research,dcosman,dcosman,Medium,Closed,Done,17/Jun/15 9:03 AM,11/May/16 3:55 PM,
Task,ITRC-538,111072,,Design Help for Online Calculus Course,jferenc,deanna,Medium,Open,,16/Jun/15 8:14 AM,14/Jan/16 3:22 PM,
Task,ITRC-535,110961,,WCSE 2015 Gather + Create + Improve,akruljev,akruljev,Medium,Closed,Fixed,15/Jun/15 10:29 AM,14/Jan/16 3:22 PM,
Task,ITRC-533,110802,,Introduction to the ITRC - Videos,,jferenc,Medium,Closed,Reporter Timeout,12/Jun/15 10:49 AM,13/Feb/17 4:33 PM,
Sub-task,ITRC-532,110783,104890,Unit 4 Powerpoint Part 2,,tkruljev,Medium,Closed,Obsolete,12/Jun/15 9:11 AM,25/Apr/16 2:23 PM,
Sub-task,ITRC-531,110780,104890,Unit 4 Powerpoint Part 1,,tkruljev,Medium,Closed,Fixed,12/Jun/15 9:10 AM,25/Apr/16 2:23 PM,
Sub-task,ITRC-526,110542,108221,Create user flow diagram,zalbiraw,deanna,Medium,Closed,Done,10/Jun/15 12:00 PM,14/Jan/16 3:22 PM,15/Jun/15 12:00 AM
Task,ITRC-525,110528,,Continuing Studies Lunch n' Learn (Summer 2015),,cbernasc,Medium,Closed,Done,10/Jun/15 11:36 AM,05/Jan/16 11:09 AM,
Sub-task,ITRC-514,109980,74147,Creating an avatar - ITRC-37,,zalbiraw,Medium,Open,,04/Jun/15 2:49 PM,14/Jan/16 3:22 PM,
Task,ITRC-500,109142,,Kiwi Reorganization Project,rsanchez,zalbiraw,Medium,Closed,Fixed,28/May/15 10:20 AM,29/Jan/16 3:31 PM,
Sub-task,ITRC-497,109008,108221,Create User Cases Stories for ITRC-484,,zalbiraw,Medium,Open,,27/May/15 11:25 AM,14/Jan/16 3:22 PM,
Sub-task,ITRC-492,108558,108221,Create a Slack chat for ITRC-484,,zalbiraw,Medium,Closed,Done,22/May/15 1:25 PM,14/Jan/16 3:22 PM,
Sub-task,ITRC-491,108555,108221,Create a Heroku app and connect it to Git for ITRC-484,zalbiraw,zalbiraw,Medium,Closed,Done,22/May/15 1:19 PM,14/Jan/16 3:22 PM,
Sub-task,ITRC-485,108223,108221,Create a private GitHub repo for ITRC-484,zalbiraw,zalbiraw,Medium,Closed,Done,20/May/15 10:39 AM,14/Jan/16 3:22 PM,
Task,ITRC-484,108221,,French Placement Test 2015,zalbiraw,zalbiraw,Medium,Escalated,,20/May/15 10:35 AM,11/Nov/16 2:09 PM,
Problem,ITRC-476,107868,,Upload Videos for site Becoming Collborative Team Members,sroach8,deanna,Medium,Closed,Fixed,15/May/15 9:11 AM,25/May/15 9:58 AM,
Task,ITRC-468,107579,,Articulate Storyline Training for Librarians,sroach8,sroach8,Medium,Closed,Fixed,13/May/15 2:14 PM,14/Jan/16 3:22 PM,
Task,ITRC-462,107485,,Redesign visual design of Lessons in eLearning CAE OWL course,tcoso2,sfoster9,Medium,Closed,Done,12/May/15 4:39 PM,22/Jun/15 9:09 AM,
Sub-task,ITRC-451,107209,102117,Module 5: Social and Emotional Health of Aging Adults,tkruljev,sroach8,Medium,Closed,Done,11/May/15 10:53 AM,14/Jan/16 3:22 PM,
Sub-task,ITRC-450,107198,102117,Module 3: Meal Planner,akruljev,sroach8,Medium,Closed,Done,11/May/15 9:56 AM,14/Jan/16 3:22 PM,
Sub-task,ITRC-449,107139,102117,Module 5: Nutrition and Aging,sroach8,sroach8,Medium,Closed,Fixed,08/May/15 3:51 PM,14/Jan/16 3:22 PM,
Sub-task,ITRC-448,107130,102117,Module 5: Debunking Common Myths of Aging,tkruljev,sroach8,Medium,Closed,Done,08/May/15 3:33 PM,14/Jan/16 3:22 PM,
Sub-task,ITRC-444,106969,102117,Module 4: Work-Life Balance,tkruljev,sroach8,Medium,Closed,Done,07/May/15 2:56 PM,14/Jan/16 3:22 PM,
Sub-task,ITRC-441,106916,102117,Module 3: Eating Disorders,sroach8,sroach8,Medium,Closed,Fixed,07/May/15 11:55 AM,14/Jan/16 3:22 PM,
Sub-task,ITRC-438,106808,106803,PEP Website Mockups,zalbiraw,zalbiraw,Medium,Closed,Fixed,07/May/15 9:23 AM,14/Jan/16 3:22 PM,
Task,ITRC-437,106803,,PEP Project Site Redesign and Website Redesign,zalbiraw,deanna,Medium,Investigating,,07/May/15 9:18 AM,16/Oct/17 12:01 PM,
Sub-task,ITRC-392,105410,102117,Module 3: What Does Stress Do to Your Body?,akruljev,sroach8,Medium,Closed,Done,27/Apr/15 3:30 PM,14/Jan/16 3:22 PM,
Sub-task,ITRC-391,105405,102117,Module 3: Understanding STIs,dcosman,sroach8,Medium,Closed,Done,27/Apr/15 3:25 PM,11/May/16 3:55 PM,
Sub-task,ITRC-390,105402,102117,Module 3: How Do You Avoid Procrastination?,akruljev,sroach8,Medium,Closed,Done,27/Apr/15 3:16 PM,14/Jan/16 3:22 PM,
Sub-task,ITRC-389,105401,102117,Module 3: What Would You Do? Relationship Issues,tkruljev,sroach8,Medium,Closed,Done,27/Apr/15 3:15 PM,14/Jan/16 3:22 PM,
Sub-task,ITRC-387,105386,102117,Module 2: Erikson's Psychosocial Stages of Development,akruljev,sroach8,Medium,Closed,Done,27/Apr/15 1:28 PM,14/Jan/16 3:22 PM,
Sub-task,ITRC-385,105377,102117,Module 1: Sample Syllabus,sroach8,sroach8,Medium,Closed,Fixed,27/Apr/15 1:03 PM,14/Jan/16 3:22 PM,
Sub-task,ITRC-384,105375,102117,Module 1: Exploring your Personal and Social Determinants of Health,dcosman,sroach8,Medium,Closed,Done,27/Apr/15 1:00 PM,11/May/16 3:55 PM,
Sub-task,ITRC-383,105374,102117,Module 1: Explore the Dimensions of Health,akruljev,sroach8,Medium,Closed,Done,27/Apr/15 12:57 PM,14/Jan/16 3:22 PM,
Sub-task,ITRC-382,105373,102117,Module 1: Definitions of Health ,tkruljev,sroach8,Medium,Closed,Done,27/Apr/15 12:55 PM,14/Jan/16 3:22 PM,
Task,ITRC-360,104892,,CEE 9510 - Course Development - OWL Design,arakic,deanna,Medium,Closed,Fixed,22/Apr/15 10:25 AM,16/Jan/19 5:33 PM,
Task,ITRC-358,104890,,CEE 9510 - Course Development - Modules,deanna,deanna,Medium,Closed,Done,22/Apr/15 10:14 AM,16/Jan/19 5:34 PM,18/Dec/15 12:00 AM
Task,ITRC-357,104889,,CEE 9510 - Course Development - Video,apypstra,deanna,Medium,Closed,Fixed,22/Apr/15 10:11 AM,16/Jan/19 5:34 PM,18/Dec/15 12:00 AM
Problem,ITRC-319,103497,,Request for TIES logo,tcoso2,abharga8,Medium,Closed,Fixed,07/Apr/15 12:15 PM,19/May/15 11:06 AM,
Task,ITRC-301,102367,,Create a promotional video for the eLearning Toolkit,jferenc,sfoster9,High,Closed,Reporter Timeout,26/Mar/15 9:59 AM,26/Feb/18 9:53 AM,14/Aug/15 12:00 AM
Task,ITRC-300,102365,,Create an ITRC showcase/promotional video,tpulchin,sfoster9,Medium,Closed,Done,26/Mar/15 9:55 AM,19/May/16 4:32 PM,28/Apr/15 12:00 AM
Task,ITRC-296,102117,,LEG UP MOOC with Dan Belliveau and Cortney Hanna,dcosman,sroach8,Medium,Closed,Done,24/Mar/15 11:32 AM,27/Mar/19 3:03 PM,
Task,ITRC-289,101741,,Instructional Skills Module,tcoso2,tcoso2,Medium,Closed,Done,20/Mar/15 9:49 AM,19/May/15 10:07 AM,30/Apr/15 12:00 AM
Sub-task,ITRC-234,99769,96685,Create Process for Buddy Program,,abharga8,Medium,Open,,03/Mar/15 10:42 AM,26/Oct/18 1:14 PM,
Task,ITRC-233,99765,,Equipment Sign-Out Checklist Form,akruljev,akruljev,Medium,Open,,03/Mar/15 10:36 AM,26/Oct/18 1:13 PM,
Task,ITRC-194,98233,,Spanish TA Tutorial Project Site Support,dcosman,dcosman,Medium,Closed,Done,18/Feb/15 4:37 PM,07/Jun/16 3:04 PM,
Task,ITRC-186,98010,,Create an invitation to Merran's retirement party,rsanchez,sfoster9,Critical,Closed,Fixed,17/Feb/15 9:20 AM,18/Feb/15 4:24 PM,18/Feb/15 12:00 AM
Task,ITRC-183,97895,,Ontario Placement - Webinar Conference French Guest Speaker,dcosman,dcosman,Medium,Closed,Done,13/Feb/15 1:05 PM,15/Jul/16 9:10 AM,24/Mar/15 12:00 AM
Task,ITRC-172,97523,,Engineering Shop Training site - ITRC Support,tkruljev,jwinkler,Medium,Closed,Done,10/Feb/15 12:33 PM,16/Oct/17 12:01 PM,
Task,ITRC-152,96685,,Training for New ITRC Consultants,,tcoso2,Medium,Open,,03/Feb/15 12:05 PM,26/Oct/18 1:13 PM,
Task,ITRC-136,95069,,George Gadanidis' Animated Music Videos,cbernasc,sroach8,Medium,Open,,20/Jan/15 10:03 AM,26/Oct/18 1:14 PM,
Task,ITRC-113,91888,,Backup and edit the photos from the ITS Holiday Party 2014,sroach8,sfoster9,High,Closed,Fixed,12/Dec/14 10:31 AM,19/Dec/14 1:48 PM,
Task,ITRC-101,89264,,Intractive Learning Modules for David Kanatawakhon (First Nations Studies/Anthropology),deanna,jferenc,High,Closed,Fixed,12/Nov/14 2:00 PM,30/Jan/15 8:47 AM,30/Apr/15 12:00 AM
Task,ITRC-97,88642,,Logging and Capturing for Joanna Quinn,,tpulchin,Medium,Closed,Done,05/Nov/14 12:51 PM,29/Jul/15 9:01 AM,
Task,ITRC-95,88015,,EARTHSCI 2001 Articulate Storyline Modules,,sroach8,Medium,Closed,Fixed,29/Oct/14 10:31 AM,14/Jan/15 2:44 PM,
Task,ITRC-88,86849,,Testing group document editing in TurnItIn using Grademark,tpulchin,tpulchin,Medium,Closed,Done,16/Oct/14 11:54 AM,28/Jan/15 12:03 PM,
Service Request,ITRC-70,82485,,HearCareInfo Owl Site,,ndelben,Medium,Open,,04/Sep/14 1:16 PM,26/Oct/18 1:13 PM,
Task,ITRC-67,81371,,Mobile French Placement Test,,ewaller2,Medium,Closed,Obsolete,25/Aug/14 9:51 AM,16/Oct/17 12:01 PM,
Task,ITRC-66,81053,,Investigate possible replacement options for ScanExam,dcosman,sfoster9,Medium,Closed,Done,20/Aug/14 12:03 PM,07/Jun/16 3:05 PM,16/Sep/14 12:00 AM
Sub-task,ITRC-63,79925,75074,Grammar Pattern 9,jferenc,jferenc,Medium,Closed,Superseded,06/Aug/14 10:47 AM,22/Jun/15 11:11 AM,
Task,ITRC-50,78596,,ITRC-50 Documentation Update,dcosman,dcosman,Low,Closed,Superseded,17/Jul/14 9:57 AM,08/Feb/18 9:25 AM,
Task,ITRC-49,78096,,Updated/New WALS Room Videos,,tpulchin,Medium,Closed,Done,14/Jul/14 10:49 AM,16/Oct/17 12:01 PM,
Task,ITRC-48,77311,,Mary Weil's Graphic Syllabus,abeauli4,abeauli4,Medium,Closed,Reporter Timeout,03/Jul/14 3:23 PM,09/Nov/15 8:10 AM,01/Sep/14 12:00 AM
Task,ITRC-47,77240,,Audio Equipment Tutorials (ITRC Internal),jferenc,jferenc,Low,Closed,Incomplete,03/Jul/14 10:48 AM,19/Feb/16 1:36 PM,22/Dec/23 12:00 AM
Task,ITRC-46,77019,,EPID 9562A Video/Interactive Modules ,akruljev,akruljev,Medium,Closed,Reporter Timeout,30/Jun/14 3:29 PM,20/Jan/16 11:26 AM,
Task,ITRC-45,76632,,Summer Library Tutorial Project (2014),,ashyr2,Medium,Closed,Done,24/Jun/14 2:25 PM,16/Oct/17 12:01 PM,
Task,ITRC-43,76258,,Statistics 1024 650 Owl site and module creation.,,abeauli4,Medium,Closed,Fixed,19/Jun/14 2:18 PM,14/Jan/19 2:09 PM,01/Sep/14 12:00 AM
Task,ITRC-42,75857,,Western 1010 - Student Services,abeauli4,rsanchez,Medium,Closed,Done,16/Jun/14 1:24 PM,16/Jan/19 5:35 PM,
Task,ITRC-41,75179,,Press Western,dcosman,dcosman,Medium,Investigating,,06/Jun/14 3:21 PM,26/Oct/18 1:14 PM,
Task,ITRC-40,75097,,How to videos of WALS room,,ashyr2,Medium,Closed,Done,05/Jun/14 3:50 PM,09/Nov/15 8:13 AM,
Task,ITRC-39,75074,,Japanese Grammar Patterns Project,sroach8,jferenc,Medium,Closed,Fixed,05/Jun/14 2:15 PM,16/Oct/17 12:01 PM,
Task,ITRC-38,74986,,Sakai UX (User eXperience) Update,dcosman,dcosman,Medium,Investigating,,04/Jun/14 3:41 PM,26/Oct/18 1:13 PM,
Task,ITRC-37,74147,,Dentistry Module,dcosman,sroach8,Medium,Closed,Done,27/May/14 11:11 AM,16/Oct/17 12:01 PM,
Task,ITRC-36,74059,,Experimental Mathematics,,ashyr2,Medium,Closed,Done,26/May/14 3:10 PM,05/Jan/16 10:25 AM,
Task,ITRC-35,73476,,Animation Project for George Gadanidis,jferenc,jferenc,High,Closed,Done,16/May/14 2:55 PM,16/Oct/17 12:01 PM,
Task,ITRC-34,73469,,Website Redesign for George Gadanidis,,jle249,Medium,Closed,Done,16/May/14 2:28 PM,23/Dec/14 2:47 PM,
Task,ITRC-33,69183,,KIN 4474: Video Infographic,,sroach8,Medium,Closed,Done,26/Mar/14 10:54 AM,05/Jan/15 8:56 AM,
Task,ITRC-31,67296,,SPANISH 3500G 001 FW13 - Guatemala project,,jle249,Medium,Closed,Fixed,04/Mar/14 11:57 AM,16/Oct/17 12:01 PM,30/Apr/14 12:00 AM
Task,ITRC-30,67294,,SAO Modules,,jle249,Medium,Closed,Reporter Timeout,04/Mar/14 11:47 AM,16/Oct/17 12:01 PM,30/May/14 12:00 AM
Task,ITRC-26,58030,,MOS 3362- Intro. to Taxation in Canada - Prof. Ann Bigelow,,mneville,Medium,Closed,Fixed,23/Oct/13 12:37 PM,16/Oct/17 12:01 PM,
Task,ITRC-25,58020,,"""Where have you been?"" - Ivey Business School - Prof. Paul Beamish and Vanessa Hasse",,mneville,Medium,Closed,Fixed,23/Oct/13 11:51 AM,16/Oct/17 12:01 PM,04/Aug/14 12:00 AM
